mp-10000,-1.2493688043750002
mp-10003,-0.35301383083333465
mp-10010,-0.5396881919999998
mp-1001011,-2.7861683315625
mp-1001023,0.846411719999999
mp-10015,-0.33779028750000073
mp-1001833,0.03738703500000007
mp-1002124,-0.29840244000000027
mp-1002206,0.5371230525000001
mp-10025,-0.4056556708333332
mp-10026,-1.1776140149999996
mp-10037,-0.223615414999999
mp-10044,-0.01923329416666686
mp-10046,-0.5347255737500003
mp-1005,-0.5846597805357137
mp-10052,-0.9066941799999997
mp-10054,-1.0734033949999997
mp-10055,-0.40310266190476185
mp-10059,-0.5566166236111106
mp-1006226,0.10472260562500013
mp-10063,-0.045332755
mp-1008274,-0.04772274375000052
mp-1008557,-1.149755920773332
mp-1008610,1.4987504938100003
mp-1008632,-0.45485725999999954
mp-1008785,-1.2797828541666665
mp-1008920,0.13084583356321744
mp-1008922,0.8306398788100005
mp-1008929,0.06528690380999969
mp-1009083,-0.31417765636904704
mp-10092,-0.35974761375390596
mp-1009488,0.4210963938100001
mp-101,0.0
mp-10113,-0.6570237846666671
mp-1011860,-2.424899061949405
mp-10125,-0.20456158000000002
mp-1012551,-2.604764856086667
mp-10133,-0.5203748806666659
mp-10139,-0.6119781366666665
mp-10140,-0.3553437186666663
mp-10154,-0.20425188155172336
mp-10155,-0.7224445840476198
mp-10161,-0.39049225766666673
mp-1017,-1.5449069865625011
mp-10172,0.0
mp-10173,0.002524183333333374
mp-10180,-0.6627654695833334
mp-10181,-0.5079040954166665
mp-10182,-0.5525607867460322
mp-10183,-0.6295966461111112
mp-10189,-0.8269543666666657
mp-1019,-0.4177077894444447
mp-10196,-0.9311496707933328
mp-10198,-0.30563490026910356
mp-102,0.016113994999999548
mp-1020,-0.6135401649999999
mp-10200,-0.7468328966666675
mp-10208,-0.5755708667857142
mp-10212,-0.5759017649999999
mp-1022,-1.2761607163750004
mp-10228,-0.8100747382291663
mp-10240,-1.2035893770238093
mp-10245,-0.5095103118181832
mp-10259,-0.8398416034285716
mp-10264,-0.19088154250000056
mp-10266,0.011531157000000292
mp-1027,-0.7657375974999994
mp-10270,-0.29491896799999895
mp-10271,-0.01773695399999937
mp-1028,-0.31773150428571434
mp-10281,-1.1416713553125
mp-1029,-4.1832619441266665
mp-10293,0.08044411333333319
mp-103,0.0
mp-1030,-0.09400825812499924
mp-10300,-0.9833819295238079
mp-10311,-0.6638532383333337
mp-10322,-1.5335205411899997
mp-10374,-0.396880986475999
mp-10379,-0.4359585255555558
mp-1038,-0.13239698444444473
mp-1039,-0.8773280741666665
mp-10390,-3.3379471501785716
mp-10394,-0.011048534999999285
mp-104,0.0
mp-10402,-3.0774843030155554
mp-1042,-0.8189958675
mp-10435,-0.3802492226666665
mp-10437,-0.8481471389374995
mp-10440,-0.7410712434199124
mp-10445,-0.6233987977777775
mp-10446,-0.6872548244444445
mp-10455,-0.6716871811111105
mp-10456,-1.1038407933333332
mp-10457,-0.9589111916666665
mp-1046,-0.1506267183333326
mp-10463,-0.249793111944444
mp-10469,-0.7988721424999999
mp-1047,-0.9326460299520001
mp-10470,-0.8737562158333331
mp-10521,-0.3791377526666665
mp-10527,-0.7381854673333329
mp-10550,-0.8124409236186665
mp-1057,-0.61320573
mp-10597,0.0075204366666663525
mp-10598,-0.03194974500000036
mp-10601,-0.47880604800000126
mp-10608,-0.6617945739999996
mp-10615,-0.8768436584126983
mp-10616,-0.9469203855555554
mp-10635,0.0034544274999994684
mp-10669,-0.4697143185714288
mp-1067,-0.17762310333333353
mp-10670,-0.5161157792857141
mp-10675,-1.0227333744759988
mp-1069,-0.5638183366666661
mp-10692,-0.21441297749999944
mp-10694,-4.3201280958925
mp-10695,-1.1431155690624997
mp-10700,-0.1188733406666671
mp-10706,-0.3268501959999995
mp-10711,-0.485855565555555
mp-10712,-0.5106697989999986
mp-10721,-0.6439402433333328
mp-1073,-0.3655137875000001
mp-10739,-1.0171924561904748
mp-10744,-0.5186589539999993
mp-10746,-0.23579331361111086
mp-10748,-0.9498701940625001
mp-10749,-0.7022659205555554
mp-10755,-0.36798952166666626
mp-10759,-0.2091028561718753
mp-1078,-0.33134478916666676
mp-10797,-0.5467414587499997
mp-1081,-1.3726547446428572
mp-1082,-0.4964931375000017
mp-10846,-0.29036758078124986
mp-10847,-0.29740223911458347
mp-10848,-0.5790431468750002
mp-10849,-0.3581436241145835
mp-10850,-0.3739882816666669
mp-1086,-0.575939739999999
mp-10873,-0.7050427962499999
mp-10877,-0.26225721192307705
mp-10883,-0.24752497249999994
mp-10884,-0.36929568000000046
mp-10886,-0.15831442399999957
mp-10887,-0.3254407774999999
mp-1089,-0.7330346100000007
mp-10890,-0.10163692916666678
mp-10891,-0.5947862349137933
mp-10892,-0.2717954215517248
mp-10894,-0.6967054199137923
mp-10895,-0.31815327232758683
mp-10901,-0.7740163699999997
mp-10904,-1.0414113487499996
mp-10905,-0.9943236239999997
mp-10909,-0.26289866
mp-10910,-0.7188399666666664
mp-10911,-0.6516311666666658
mp-10918,0.036217998999999425
mp-10919,-0.06286498699999968
mp-10924,-0.6352948025108212
mp-10969,-0.09714903368999916
mp-1099,-0.30788862625000046
mp-10991,-0.8220568545833329
mp-11,0.0
mp-11019,-1.6826668231250004
mp-11022,-2.634393158958334
mp-11023,-2.5713454368749993
mp-11025,-0.24857306613095295
mp-11029,-0.31145943256410263
mp-11038,-0.30243131777777893
mp-1105,-2.1710110575
mp-11073,-0.46599572374999987
mp-1108,-0.6492175555555543
mp-1111,-0.34485844103448304
mp-11113,-0.6914135416666672
mp-1113,-0.2618615544444462
mp-1114,-0.8156867117857134
mp-11175,-1.0392218732482996
mp-11176,-0.8792254668181815
mp-11190,-0.4858524033333317
mp-11191,-0.3605812255555555
mp-11192,-0.4786962477777763
mp-11193,-1.0368078065625
mp-112,0.0031531816666667822
mp-1120,-0.099595053749999
mp-11202,-0.5622389100000001
mp-1121,-0.28185183749999965
mp-11220,-0.350947593333333
mp-11227,-0.07712119000000027
mp-11228,-0.41854338416666703
mp-1123,-0.4592640015625
mp-11230,-0.3149661613888893
mp-11231,-0.4250206633333331
mp-11233,-0.46237619500000005
mp-11237,-0.28702668916666685
mp-11239,-0.1213196716666669
mp-1124,-0.13089195361111136
mp-11248,-0.3661670291666663
mp-11250,-0.4444581469444444
mp-11252,-0.11076234321839114
mp-11256,-0.8081003674999998
mp-11261,-0.8648274366666664
mp-11263,-0.3470560837500001
mp-11269,-0.6579234360000001
mp-11270,-0.2504051998850585
mp-11272,-0.134875928000001
mp-11275,-0.38074857833333314
mp-11276,-0.6207150774999999
mp-11277,-0.1954137633333334
mp-11278,-0.15754082666666727
mp-11279,-0.14006853249999995
mp-1128,-0.6994512049999999
mp-11280,-0.06216600230769295
mp-11281,-0.21869675749999948
mp-11282,-0.30359324499999946
mp-11283,-0.24109311249999976
mp-11286,-0.5551437225
mp-11287,-0.44900161166666647
mp-11288,-0.4752326759999999
mp-1129,-1.0584678225000008
mp-11290,-0.38950270875000026
mp-11293,-0.15174035750000048
mp-11299,0.003912436666666667
mp-113,0.0
mp-11300,0.0505226375000003
mp-11307,-0.06305338166666674
mp-11313,-0.11619460250000024
mp-1132,-1.3807028206250003
mp-11322,-0.9332908424999999
mp-11327,-1.0499527357812497
mp-11328,-0.37709630404761896
mp-11329,-0.3626816607142859
mp-11334,0.08726684250000005
mp-11345,-1.3741032917857154
mp-1135,-0.4255695924999996
mp-11350,-0.3787831529166669
mp-11358,-0.22834223874999893
mp-11359,-0.07553995000000018
mp-11361,-0.15365002444444423
mp-11364,-0.05300981999999976
mp-1138,-3.1804090164283334
mp-11385,-0.04322092055555515
mp-11387,-0.3850728574999991
mp-11388,-0.3989228299999992
mp-1139,-0.04437959124999935
mp-11397,-0.4083905219999998
mp-11407,-0.43107814499999986
mp-11411,-0.6021950299999999
mp-11412,-0.5649678283333331
mp-11413,-0.5441199516666669
mp-1143,-3.4357283297500003
mp-11441,-0.4952552269999998
mp-11445,-0.5417489533333324
mp-11449,-0.25498113143678225
mp-1145,-1.0555221122222218
mp-11452,-0.6993688550000012
mp-11453,-0.8856471293749992
mp-11454,-0.5278504633333334
mp-11456,-1.0896294881250004
mp-11460,-0.4829743949999994
mp-11464,-0.12265511444444455
mp-11465,-0.2203634627083333
mp-11470,-0.057903213333333405
mp-11471,-0.4284156174999998
mp-11481,-0.3292146074999991
mp-11482,-0.3415402700000012
mp-11486,-0.5648182804761908
mp-11489,-0.3062945775000001
mp-11490,-0.2781799220833334
mp-11499,-0.08816018833333317
mp-11501,-0.11191017241379342
mp-11504,-0.0296719486637933
mp-11506,-0.09327552999999966
mp-11507,-0.08311357399999934
mp-11512,-0.7362023266666675
mp-11513,-0.28444532250000076
mp-11514,-0.6869240833333331
mp-11517,-0.13281358250000075
mp-1152,-0.6374159974999989
mp-11520,-0.8998432094444446
mp-11521,-0.5073054724999997
mp-11522,-0.18928564000000048
mp-1153,-1.5572345521527782
mp-11531,-0.2429779200000001
mp-11533,-0.4138751075000009
mp-11537,-0.6469449825000009
mp-11541,-0.5202207299999984
mp-11547,-0.6682783088888892
mp-11549,-0.28249981666666574
mp-11550,-0.9766595983333323
mp-11557,-0.3481552366666669
mp-1156,-0.15657794749999976
mp-11560,-0.8807840638888883
mp-11565,-0.31379979722222257
mp-11566,-0.3817069999999996
mp-11567,-0.13683751807692318
mp-1157,-0.33334850666666566
mp-11571,-0.44687570083333306
mp-11572,-0.4974595099999988
mp-11573,-0.49679161499999935
mp-11578,-0.052479941250000106
mp-11580,-0.9515398950793654
mp-11583,-1.9308752035769998
mp-1159,-0.1350189283333331
mp-11621,-0.23173544333333318
mp-11644,-0.009242426111111257
mp-1169,-0.2807952775000002
mp-11693,-0.3452628449999997
mp-11695,-1.021790213055556
mp-11697,-0.14309629666666743
mp-117,0.0
mp-11714,-0.20545652374999968
mp-11718,-2.8890028918449997
mp-1172,-0.47945365666666717
mp-11737,-2.6818867229629624
mp-11738,-1.5668591598995532
mp-1174,-0.04017091416666663
mp-11750,-0.6567045109259261
mp-11754,-0.7129734455555558
mp-11798,0.2764045725000006
mp-1180,-0.3538916849137932
mp-11806,-0.6711664125000003
mp-11809,-0.4272413249999995
mp-11826,-0.3710096941666663
mp-11834,-0.1456377575000003
mp-1185,-0.38472952749999845
mp-11869,-0.7263948733333336
mp-11870,-0.004845373333333273
mp-11873,-0.357444715714285
mp-11879,-0.4857595360000005
mp-11883,-0.30430717861111134
mp-1190,-0.715297778671875
mp-11917,-1.1828011216186667
mp-1194,-0.31458798499999974
mp-11957,-0.58697316625
mp-11958,-0.6773346112499996
mp-11959,-0.6708654537499994
mp-11977,-0.42928120055555574
mp-11984,-0.35207202333333343
mp-1201,-0.12999546000000067
mp-12029,-0.5642489879761907
mp-12065,0.012610544999999806
mp-12070,0.05369148750000008
mp-12071,-0.49817189125000017
mp-12083,-0.24059418999999949
mp-12086,-0.1387913300000001
mp-12087,-0.2629322677083336
mp-12104,-0.5505275677777774
mp-12107,-0.8443506549999995
mp-12108,-0.5440878933333325
mp-12109,-0.3591717116666662
mp-1211,-0.2985059474999998
mp-12137,-0.2937885129999998
mp-1215,-2.0409225470833334
mp-12177,-1.4287927501785707
mp-1219,-0.4633120100000001
mp-122,0.0
mp-1220,-0.08535223250000001
mp-1221,-0.3375661337500002
mp-1222,-0.3605730022222215
mp-1224,-0.645726759375
mp-12265,-3.072028896904444
mp-1229,-1.8322256507933334
mp-12317,-1.050013810356666
mp-1232,-0.1125660074999999
mp-1235,-0.8578337400000002
mp-12359,-0.02172959458333379
mp-12360,-0.06649045458333358
mp-1239,-0.34522726937499915
mp-124,0.0035822166666665822
mp-12403,-3.2734930021822226
mp-12411,-0.3018336470833334
mp-12467,-0.9894123862499997
mp-12480,-1.2416491528571427
mp-1249,-3.8498275352377775
mp-1251,-0.3742220499999984
mp-1252,-0.16392619333333394
mp-12520,-0.42060177916666674
mp-12521,-0.44788145194444456
mp-1253,-2.0475837711718747
mp-12532,-0.8077453800922623
mp-12537,-0.7593116624999992
mp-12546,-0.09335978624999974
mp-12549,-0.3611211000000001
mp-12550,-0.6977324649999996
mp-12557,-0.8058634005555554
mp-12558,-0.71816595
mp-12564,-0.31827528388888854
mp-12565,-0.0776116099310343
mp-12571,-0.6552258366666663
mp-12580,-0.3311404133333333
mp-12585,-0.12788663249999832
mp-12593,-0.6210961787499993
mp-12595,-0.19698315499999985
mp-126,0.0
mp-1260,-0.37678818611111115
mp-12608,-0.04387548124999974
mp-12614,-0.11536647500000008
mp-12622,-2.886258403571111
mp-12635,-0.27841217799999995
mp-1264,-0.13334921
mp-12648,-0.19865688184210595
mp-1265,-3.0624300272916667
mp-12657,-0.44132067083333365
mp-12659,-0.14257237310344925
mp-1266,-1.0687021607812504
mp-12666,-0.06526413615384613
mp-12674,-0.00994375982758644
mp-12675,-0.011488539827587019
mp-12678,-0.22376209893678242
mp-12693,-0.4319227188888887
mp-12696,-0.6981214788888886
mp-12697,-0.13744102868700298
mp-12699,-0.7780942699999999
mp-127,0.0024969250000002052
mp-12700,-0.6445364881249995
mp-12716,-0.4085119266666659
mp-1272,0.08673942499999931
mp-12723,-0.8136717824999997
mp-12724,-0.20896479708333326
mp-12725,-2.159038973416666
mp-12742,-0.4995574508333327
mp-1275,-0.31500008749999964
mp-12752,-0.4591841657142857
mp-12759,-0.15596845500000045
mp-12760,-0.3428325383333338
mp-12761,-0.13576859500000005
mp-12772,-0.2627905083333341
mp-12773,-0.3177060849999999
mp-12777,-0.16430204250000013
mp-12778,-0.23369433999999956
mp-12779,-0.4606972275000003
mp-1278,-0.7772373333333332
mp-1279,-1.3640937545233338
mp-12798,-0.06875844750000049
mp-12802,-0.18943919375000018
mp-12806,-0.09820136999999995
mp-1281,-0.5070273600000004
mp-12814,-0.8921768544759999
mp-1282,-0.41139459000000045
mp-1285,-0.9368699824999999
mp-12863,-0.28984407200000034
mp-129,0.0
mp-12903,-0.9280885716666667
mp-12908,-1.0892009757552081
mp-12927,-1.1178649999519998
mp-1294,-0.15364618111111147
mp-12951,-0.5982307533333332
mp-12952,-0.5117832316666657
mp-12954,-0.6728749598958332
mp-12961,-0.881495027777778
mp-12962,-0.5209107866666661
mp-12972,-0.722038956666667
mp-1299,-0.7143489683333341
mp-12990,-0.7004909312499992
mp-13,0.0
mp-13010,-0.6217494794444439
mp-13032,-1.7436593382291665
mp-13033,-0.8765535916666667
mp-13071,-0.50705869
mp-13079,-0.21656752357758613
mp-13082,-0.36991935982758584
mp-13089,-0.14038400166666717
mp-13090,-0.33320216777777745
mp-13092,-0.3465927766666681
mp-13095,-0.6011917744444446
mp-13097,-0.42018164500000016
mp-131,0.0
mp-13108,-3.789236048083333
mp-13109,-3.819452113083334
mp-13119,-1.3734753856250004
mp-13137,-1.5051008620312523
mp-13138,-0.003995399999999982
mp-1314,-0.24881589190789444
mp-13149,-0.3884912283333328
mp-1315,-1.7593102832291665
mp-13154,0.055190436250001085
mp-13155,-0.11671990111111204
mp-13156,-0.11512888916666686
mp-13160,-0.6873803527777778
mp-13164,-0.4507556200000001
mp-1317,-0.18773642625000075
mp-13171,-0.2156793322222228
mp-13172,-0.2332732027777773
mp-132,0.0
mp-13202,-0.6208259327777768
mp-13203,-0.5465818649999997
mp-13208,-0.7106874138888889
mp-13240,-0.2601335458333332
mp-1326,-0.16817817875000074
mp-13270,-0.2971064755555555
mp-13272,-0.4777292166666669
mp-13276,-0.9778075723015872
mp-1331,-0.34304866777777754
mp-13311,-0.47222847888888886
mp-13313,-1.2530097274218748
mp-13314,-0.9208418187500005
mp-1332,-0.40095942312499844
mp-13334,-1.9521104797500002
mp-1334,-0.28624720555555544
mp-1335,-0.1292779349999993
mp-1336,-0.799161190625
mp-13363,-0.5072470950000003
mp-13364,-0.2765457775
mp-13365,-0.1896602505555558
mp-1339,-0.6039784400000006
mp-134,0.0
mp-1342,-2.8312779456249997
mp-13444,-0.3285034133333333
mp-13447,-0.13215112035714302
mp-13450,-0.5412800724999999
mp-13452,-0.5083752649999997
mp-13453,-0.38452589999999987
mp-13456,-1.1310811020625002
mp-1346,-0.8074542223214282
mp-13463,0.06696772750000068
mp-13472,-1.077355595833333
mp-1349,-0.8524499638888882
mp-13495,-0.6534290399999998
mp-135,0.005126893333333271
mp-13503,-0.3459312350000001
mp-1352,-1.8700816361899992
mp-1356,-0.35241724666666663
mp-1357,-0.5841098114285712
mp-13572,-1.1398092237500004
mp-13583,-0.8889759959999992
mp-1359,-0.5196198599999988
mp-136,0.09714967500000071
mp-1361,-0.3418900048958336
mp-1364,-0.4321575116666665
mp-1367,-0.15524323388888858
mp-13683,-0.4063510550000006
mp-13686,-0.6799411712500003
mp-1371,-0.30644283374999937
mp-13725,-2.7611397360714287
mp-1373,-0.2676978837499995
mp-1380,-0.15173544375000025
mp-13829,-0.432620602708333
mp-13853,-0.6492043733035704
mp-1387,-0.1354063399999994
mp-139,0.0055813533333335386
mp-13903,-2.7743195690175
mp-13911,-0.326729435
mp-13920,-0.42289355000000023
mp-1393,-0.08859157600000031
mp-13946,-3.680464498015555
mp-13947,-3.773455835793333
mp-13948,-3.7860344770002303
mp-1395,-0.23448130500000097
mp-13962,-1.0001344057812496
mp-13963,-0.7203808400000007
mp-13964,-0.6667978500000006
mp-13983,-2.0042110652675
mp-1399,-0.3940118275000004
mp-13993,-1.590958949875
mp-140,0.029226610000000264
mp-1400,-0.1692044033333341
mp-1401,-0.2911653066666666
mp-14019,-0.2420949341666665
mp-14024,-1.5486654465624996
mp-1404,-0.1834811525000002
mp-14069,-2.857446055107758
mp-14070,-2.868813469999999
mp-14088,-2.4226389280155556
mp-14091,-0.6188816720052084
mp-14092,-0.3594969620833335
mp-14099,-2.0192625653806666
mp-14112,-1.5717742096425003
mp-14115,-1.5742210322916668
mp-14116,-0.9752979606250003
mp-1412,-0.37932378749999973
mp-14142,-2.8018756897499997
mp-1418,-0.09017655750000042
mp-142,0.0
mp-14208,-0.6136811272222218
mp-1424,-0.46562122500000047
mp-1425,-0.10255551333333202
mp-14285,-0.5329700240476191
mp-1431,-0.4385236748275867
mp-1432,0.04149216388888869
mp-1437,-0.25923672083333327
mp-1439,-3.4804355099999995
mp-1444,-0.3417778983333332
mp-1451,-0.2928548987500008
mp-1458,-0.4026638687500004
mp-14587,-0.08572739435714283
mp-1459,-1.3362243611900002
mp-146,0.0
mp-14628,-1.9386013107500006
mp-1471,-0.29600312250000105
mp-1472,-0.9873546855555553
mp-1473,0.01437310461538634
mp-1475,-0.1267726638461545
mp-1476,-2.1924316190625
mp-1477,-0.36151035833333306
mp-1479,-0.40734900345238145
mp-14793,-0.617122741666666
mp-14796,-0.6438279733385416
mp-14797,-0.6485479407552083
mp-1482,-0.5213929790000001
mp-1483,-0.7967681562499997
mp-1487,-0.6575662599999994
mp-149,0.0
mp-1490,-0.21094242850000028
mp-1491,-0.7393577522222223
mp-1498,-0.5563219960344828
mp-14983,-0.3592190671428565
mp-1500,-2.4102545115625
mp-1501,-0.90790600375
mp-1502,-0.8940339766666661
mp-1509,-0.8008962858749996
mp-15113,-2.9156897257291674
mp-1515,-0.6490766366666669
mp-1521,-0.013616818500000249
mp-1522,-0.955323590416666
mp-1523,-0.9606302090476196
mp-1526,-0.009151819999999589
mp-15297,-0.4940900022222223
mp-153,0.006050751666666798
mp-15316,-3.994254509126666
mp-15322,-0.6693482488888883
mp-1539,-0.8975873700000001
mp-1543,-0.3438658916666662
mp-1545,-0.26118134000000026
mp-1550,-0.609303329285714
mp-1552,-0.1131892033333332
mp-1555,-0.21636184125000035
mp-1557,-0.4172695704166666
mp-15641,-0.5733212986111109
mp-15642,-0.39500091666666687
mp-15643,-0.5382254166666662
mp-15649,-0.4831109350000003
mp-1565,-3.7549080208333336
mp-15659,-0.3607301960000001
mp-15661,-0.4855064028571436
mp-15669,-0.7185192871428561
mp-15686,-0.5190062345833333
mp-15687,-0.4685154160000001
mp-1569,-0.23191684666666745
mp-15695,-1.2073791136111112
mp-157,0.03739075642857159
mp-15722,-0.37511997190476115
mp-1575,0.011866991666667085
mp-15778,-0.4076065861111111
mp-1578,-0.329354466249999
mp-15780,-0.5814414288435371
mp-15803,-1.7022175056249995
mp-15805,-0.28097270526910306
mp-15819,-0.2734377383819621
mp-1585,-0.1973809849999988
mp-1589,-0.08575536666666513
mp-1590,-0.05025972153846134
mp-1594,-0.2768112683333328
mp-1595,-3.0375925594642856
mp-15963,-1.0765987461904762
mp-15964,-0.37101178312499883
mp-15965,-0.7452577712500013
mp-15985,-0.48600303999999994
mp-15986,-0.6150133694285721
mp-15987,-0.4995932933333336
mp-15988,-0.42478969708333336
mp-160,0.0
mp-1601,-0.3195343399999988
mp-16043,-0.5385243130303029
mp-1606,-0.11723448333333408
mp-1609,-0.061412647499999196
mp-1620,-0.3472830500000003
mp-16236,-0.6650922245590278
mp-16238,-0.4556986254166664
mp-1627,-1.0821263818749998
mp-16290,-0.06008412900000053
mp-16297,-0.7918749949999991
mp-1630,-0.18072335125000105
mp-16304,-1.3514747073015865
mp-16305,-1.190016154523809
mp-16334,-0.20332205247599971
mp-16336,-0.4038369858333333
mp-16337,-0.30046091714285694
mp-16356,-0.6782866541666657
mp-16363,-0.6665316543749995
mp-1638,-0.2542271305555553
mp-1646,-0.27993839750000005
mp-1648,-0.12852336192307726
mp-16481,-0.4976807999999995
mp-16483,-0.31680082416666683
mp-16488,-0.33188332454545455
mp-1649,0.26188015000000053
mp-16491,-0.4028071047222224
mp-16493,-0.5429954808333326
mp-16495,-0.16457132999999935
mp-16497,-0.4126818037499991
mp-165,0.01149540500000068
mp-16501,-0.8300536700000007
mp-16514,-0.5660844387499999
mp-1652,-0.5754307274999997
mp-16521,-0.4886490800000004
mp-16522,-0.6181743166666666
mp-16523,-0.8537437993750006
mp-16524,-0.9518119912499996
mp-16526,-0.8536576074999994
mp-16528,-0.20564751071428589
mp-16529,-0.32937841714285654
mp-16548,-3.7276689146425
mp-16613,-2.2322990931249995
mp-1664,-0.13475880875000001
mp-16648,-0.3676661569444448
mp-1670,-0.3464685198275861
mp-16718,-0.272194715714286
mp-16719,-0.16194860076923098
mp-1672,-2.4832149490625004
mp-16723,-0.35476448750000034
mp-16733,-0.5348683687499989
mp-16740,-0.6882593011111113
mp-16764,-1.3913752502083332
mp-1677,-0.31992101583333366
mp-16775,0.011859379166666647
mp-1682,-1.1425838987499999
mp-16828,-2.825437253106061
mp-1683,-1.0480913255078121
mp-16860,-0.2588019355208333
mp-16886,-0.1686621755555555
mp-1689,-0.39642436583333307
mp-1692,-0.9504427106249995
mp-1695,-0.2568142983333345
mp-1696,-0.42012417499999977
mp-16960,-0.8525562699999997
mp-1700,-1.5745513361899999
mp-17045,-0.9314490025000008
mp-1708,-1.307858211666666
mp-171,-0.24276734000000033
mp-1714,-0.44449473333333245
mp-17177,-2.7750015186111106
mp-1725,-0.3011485133333333
mp-173,-0.1737417428078822
mp-1734,-0.22918844166666683
mp-17413,-0.7921662731249999
mp-17481,-3.2596233389722213
mp-1749,-0.1955805169999998
mp-17524,-0.043316217916666254
mp-1755,-0.14781873499999998
mp-17639,-0.24958378482456156
mp-17659,0.040330267232704116
mp-1769,-0.4432533775000005
mp-17695,-0.6901462774999993
mp-1775,-0.19292818999999994
mp-17783,-0.4177224916666666
mp-1780,-1.0434017774999997
mp-1782,-1.5888868936718747
mp-1783,-0.801762921390087
mp-1784,-2.8570467020605173
mp-17848,-0.4391803753125014
mp-17856,-0.27829899850000006
mp-1786,-0.35366140249999933
mp-17862,-0.030591510102040736
mp-1791,-0.7483828346428568
mp-1799,-0.21396187333333336
mp-1804,-0.16451867184499847
mp-1808,-0.2775997958333332
mp-18093,-0.17376965124999919
mp-18167,-0.2986946259999998
mp-18198,-1.0075890299999999
mp-1822,-0.9197274787499996
mp-1823,-0.27948625499999924
mp-1825,0.02329012666666704
mp-18257,0.15065345150000126
mp-18300,-0.8375824214285714
mp-18316,-0.5266033734722217
mp-18337,-1.2272498254520001
mp-1840,-3.491774188333333
mp-1841,-0.3948830262500014
mp-1842,-0.4285797499999999
mp-18427,-0.2931350486666664
mp-18468,-0.10643679046798127
mp-1851,-0.5486955524999999
mp-1866,-0.9771414218333329
mp-1867,-0.23520579333333322
mp-1868,-1.2268305640624995
mp-1869,-0.6476758741666669
mp-18695,-0.011509723437500341
mp-18707,-0.5869176041666672
mp-1871,0.22584216000000032
mp-18712,-0.42377277291666654
mp-18717,-2.885087014083333
mp-18725,-3.2115933409166657
mp-1873,-2.622365735793333
mp-18732,-2.5306457997500003
mp-18751,-1.994865642318621
mp-18759,-2.064789106692216
mp-18766,-1.9886950771428573
mp-18767,-2.1473426724454603
mp-18773,-2.1745768384375
mp-18778,-2.5506771045454544
mp-188,-0.6806132949999997
mp-18814,-2.025636317873034
mp-1882,-0.12296633749999941
mp-1883,-0.29480023499999986
mp-18835,-2.7085146272619056
mp-18848,-2.980374461416666
mp-18849,-2.4512136478084416
mp-1885,-0.9589795700000003
mp-18875,-2.5636110113888884
mp-189,-0.6500510512500002
mp-1890,-0.5020930416666669
mp-18918,-2.050901620833333
mp-18919,-0.8791132693750008
mp-18922,-1.9710247417750668
mp-1894,-0.12264554500000102
mp-18946,-2.732526793416666
mp-18949,-2.1536013141666657
mp-18965,-2.1061777372500003
mp-18966,-1.3400056789583328
mp-18972,-2.966824398333333
mp-18988,-2.189953664616418
mp-19,0.0
mp-19003,-2.644152781822916
mp-19009,-1.037390508125
mp-19017,-2.5571951564625857
mp-19019,-1.7399519791666656
mp-1903,-0.2411789060000004
mp-19035,-2.2480323367499992
mp-19050,-2.7607575104450257
mp-19069,-0.715206461458334
mp-1907,-0.6969586700000002
mp-19082,-2.966501007873034
mp-19086,-2.118187146875
mp-19094,-2.484963132499999
mp-19097,-2.3750805234166656
mp-191,-0.8429661766666667
mp-19102,-2.586937051190476
mp-19128,-1.4096157968750003
mp-19133,-3.198737759722222
mp-19138,-1.7536430497499993
mp-1914,-0.6639030644444445
mp-19147,-1.5887887697500012
mp-1915,-0.30797075944444313
mp-19163,-2.741912266111111
mp-19177,-2.0625645524999996
mp-19178,-1.081140853958333
mp-1918,-0.05459775499999964
mp-19183,-1.552255023166667
mp-1919,-0.012337884166665702
mp-19201,-2.5134746093730342
mp-19210,-1.0971592093749996
mp-19219,-2.508336756875
mp-19225,-1.3487900420833334
mp-19226,-2.4927609915816324
mp-19241,-1.7537826957500002
mp-19247,-3.0493252866666665
mp-1925,-1.6731408465625002
mp-19284,-0.6678611739583342
mp-19292,-1.6623738819444454
mp-193,-0.1323834633333334
mp-19306,-1.8586792685714297
mp-19308,-1.608802258166667
mp-19313,-1.8902992671428567
mp-1932,-0.24168164625000088
mp-19326,-1.8159581685383916
mp-19328,-2.1050147117499995
mp-1934,-0.21881595833333334
mp-19340,-2.4973162885416667
mp-19342,-2.1743911303124994
mp-1935,-0.07424587638888891
mp-19359,-1.9323276868750003
mp-19376,-2.930181895373034
mp-19384,-1.571558405277778
mp-19387,-1.9905068633333325
mp-19390,-2.1728841909374994
mp-19391,-2.351753678125
mp-19399,-2.3813650907499992
mp-19407,-2.2144527251025288
mp-1941,-0.36398708000000024
mp-19420,-2.9796941264166663
mp-19421,-2.0979684750000005
mp-19424,-2.683511525250001
mp-19435,-1.7014349783333327
mp-19443,-2.1746644596874996
mp-19448,-1.2788156522500003
mp-1949,-0.2717279356034486
mp-1953,-0.40716411999999913
mp-196,-0.46090471071428546
mp-1963,-0.41421219500000106
mp-1969,-0.269913063333334
mp-19713,-0.2954346799999996
mp-19717,-0.405773505
mp-19728,-1.0616030386111106
mp-1973,-0.30847004499999997
mp-19740,-0.9943227655555558
mp-19746,-1.2103894315625006
mp-19765,-0.2941616371428571
mp-19809,-0.2590170157183908
mp-19814,-0.2562136283333339
mp-19817,-0.5326560959999995
mp-1982,-0.7566054001724134
mp-19821,-0.07724656999999979
mp-19835,-0.407688555
mp-19856,-0.5809604149999998
mp-1986,-1.7911674931250001
mp-19870,-0.13586227500000003
mp-1989,-0.6185199256249998
mp-19895,-0.19741942000000043
mp-19906,-0.49711917500000025
mp-19917,-0.8002026783333337
mp-1994,-1.0178790288888884
mp-19940,-0.49759008500000057
mp-19943,-0.6121368445833326
mp-19962,-0.4590855599999995
mp-19963,-0.27435529749999876
mp-19968,-0.3083345725000002
mp-19970,-1.7879449319642855
mp-19983,-0.22776542999999982
mp-19991,-0.44642389027777796
mp-2,0.0
mp-2000,-0.08324436156249959
mp-20001,-0.8601608913888885
mp-20004,-0.6926484075000001
mp-20007,-0.2612444573850586
mp-20012,-0.10270048749999994
mp-20027,-0.5370093490476187
mp-20033,-0.25160175250000005
mp-20049,-0.6529427000793652
mp-2006,-0.4997881424999999
mp-20061,-0.3457392355555555
mp-20066,-1.7803236574999997
mp-2008,-0.26476798000000085
mp-20083,-0.6600954766666666
mp-20086,0.1363407001149414
mp-20112,-0.18975948875000004
mp-2012,-0.3738297983333334
mp-20133,-0.8290068774599995
mp-20144,-0.6835426678571418
mp-20146,-0.5720073050000011
mp-20147,-0.9268065777422017
mp-20155,-0.07168535500000021
mp-20180,-0.03698944379310234
mp-20191,-0.6137746159999992
mp-20192,-0.611854589051724
mp-20197,-0.13068891374999936
mp-20199,-0.8227024930892852
mp-20202,-0.2166029488888892
mp-20211,-0.30028872849137933
mp-20249,-0.4457965869088672
mp-2025,-0.229368490833334
mp-20255,-0.5418450399999996
mp-20268,-0.7134297466666659
mp-2027,-0.3967934325000009
mp-20279,-0.6859836586718746
mp-2028,-0.1899812333333332
mp-20296,0.03264575416666619
mp-203,-0.18834805750000072
mp-20305,-0.2289677000000001
mp-2031,-0.13531638666666682
mp-20315,-0.6689905124999997
mp-20318,-0.39712735088122625
mp-20325,-0.5442358159999998
mp-20327,-0.8178576798809516
mp-2033,-0.06558486309500022
mp-20335,-0.785655278575535
mp-20337,-2.85244710475
mp-2034,-0.016316194166665337
mp-20344,-0.10149605999999967
mp-20351,-0.20580145928571447
mp-20354,-0.06563886099616904
mp-20382,-0.3796889495454549
mp-2039,-0.1428186106034488
mp-20395,-0.4707487183333339
mp-20401,-0.47422898625
mp-20418,-0.7343378408333324
mp-20424,-0.05175124366666637
mp-20426,0.09754391500000044
mp-20432,-0.028060905000000247
mp-20436,-0.8397774541666673
mp-20452,-0.37707708333333334
mp-20465,-0.32449699916666636
mp-20466,-0.27708808916666666
mp-20483,0.0
mp-20485,-0.506577306171875
mp-2049,-0.13858842999999985
mp-20492,-1.121028978333334
mp-20516,-0.35435140500000006
mp-2053,-0.2774172825000001
mp-20536,-0.11706757583333409
mp-20539,-0.29833564374999977
mp-20541,-0.7881213570238094
mp-20545,-0.5225264365625009
mp-20551,-0.12853658000000046
mp-20557,-0.8173585469444452
mp-2056,-0.2661281329375001
mp-20563,-0.6058442139999997
mp-20565,0.03928462844827507
mp-20566,-0.002391558333333599
mp-20586,-0.43989816375000057
mp-2059,-0.6683551325000003
mp-20599,-0.2061481333333326
mp-20618,-0.7692224086666662
mp-20619,-0.5089822299999991
mp-20622,-0.6097785956249995
mp-20648,-0.47256252166666596
mp-2065,-0.8826855038900874
mp-20661,-0.5688351062499999
mp-20662,-0.29483280199999984
mp-20674,-2.188423760929488
mp-20679,0.011422430999999733
mp-20695,-0.24211596500000088
mp-20698,-0.5030851805555555
mp-2070,-0.7736200029166677
mp-20714,-0.015475435000000223
mp-20724,-0.04420925888888879
mp-20725,-1.3098578625000001
mp-20730,-0.3597613949999996
mp-20738,-0.38584917999999985
mp-20757,-0.03510625821839023
mp-2078,-0.13569002749999992
mp-20787,-0.294560285416666
mp-20793,-0.8306733217857142
mp-20800,-0.2672575116666671
mp-20817,-0.5530031857812503
mp-20826,-0.0659815225
mp-20828,-0.08151079750000001
mp-2083,-0.31192921
mp-20832,-0.37482245214285725
mp-20840,-0.12515629241379322
mp-20847,-0.3548485743749996
mp-20849,-0.30210267
mp-20857,-0.4020782191666674
mp-20860,-0.0202608457931035
mp-20862,-0.2955744748958331
mp-20865,-0.4049459661111108
mp-20868,0.017064342500000624
mp-20883,0.4193942350000004
mp-2089,-0.7166436912499998
mp-20892,-1.0524914278571427
mp-20897,-2.214313796516667
mp-2090,-0.06828567250000006
mp-20900,0.08059048375
mp-20901,-0.22633858989583308
mp-20905,-0.7991149554166661
mp-20928,-0.2538095766666674
mp-20930,-1.4921791481250004
mp-20932,-0.8359210178571436
mp-20935,-0.7359096477777788
mp-20937,-0.10027134249999961
mp-20940,-2.6519194422500005
mp-20949,-0.4926345540517237
mp-20952,-0.493054258333333
mp-2097,-1.645986555625
mp-20971,-0.38131539249999946
mp-20983,-0.34366710375000054
mp-20987,-0.612350823611111
mp-20997,-0.08219843499999957
mp-21003,-0.41999569133333525
mp-21008,-0.29106337750000044
mp-21012,-0.7650225018749994
mp-21017,-0.5706645819999991
mp-21023,-0.7851426874999999
mp-21027,-0.6888339325000001
mp-2103,-0.017447599999999674
mp-21035,-0.6760895089999991
mp-2105,-0.7992248819999986
mp-21069,-0.8274789186111112
mp-21075,-0.9398239650000004
mp-21078,-0.09728953374999971
mp-2108,-0.7710286262499988
mp-21090,-0.22918441821839153
mp-21104,-0.38662648312500103
mp-21117,-0.008535338333333678
mp-21124,-0.4834490344444446
mp-2114,-1.8790556178566664
mp-2116,-0.18762111643678261
mp-21164,-0.8952426397222221
mp-21167,-0.47753471619047616
mp-2121,-0.4549311287499993
mp-21215,-0.49714541999999984
mp-2123,-0.14748805600000026
mp-21236,-1.0802559686904754
mp-21248,-0.8599421583333337
mp-21249,-0.4758946593295015
mp-21255,-0.01479080250000031
mp-2126,-0.8170688475000016
mp-21276,-0.8647567115625003
mp-2128,-0.2513314390000005
mp-21297,-0.26780548861111103
mp-213,-0.6794142125000002
mp-21306,-0.8139239899999993
mp-21313,-0.12069657879310398
mp-21316,-0.820828515
mp-21318,-0.14232759666666617
mp-21328,-0.28068483249999954
mp-2133,-1.7986594431249996
mp-21336,-0.8399676586904761
mp-21340,-0.9043989933333331
mp-21342,-0.07058835624999915
mp-21347,-0.43806790194444406
mp-21359,-0.37732859500000043
mp-2136,-1.7609088507500004
mp-21371,-0.6007078566666664
mp-21374,-0.3774361885714289
mp-21385,-0.15080900200000044
mp-214,-0.6428069350000012
mp-21418,-0.33944498988505717
mp-21422,-0.30829073777777793
mp-21440,-0.2681061611111109
mp-21447,-0.43130413309523874
mp-21449,-0.8826447778571449
mp-21464,-0.27461684944444426
mp-21467,-0.38837856999999953
mp-21469,-0.0968419599999999
mp-21471,-0.4418207338888891
mp-21476,-0.16167819079333276
mp-21495,-0.5191059428571414
mp-215,-1.1593358391666673
mp-21503,-0.41427261000000076
mp-2151,-0.02896311850574699
mp-2152,-0.3190378755555561
mp-2157,-0.07685174000000039
mp-216,-3.97789783125
mp-2168,-0.426565718671875
mp-2170,-0.5422391111111112
mp-2172,-0.48460665500000033
mp-2173,-2.4445823544132645
mp-2176,-0.4732985325000003
mp-21845,-0.10904554999999938
mp-21850,0.06494445400000046
mp-21851,-0.2268780732183918
mp-21855,-0.4874340024218746
mp-2187,-0.45958179249999986
mp-21873,-0.24028435000000017
mp-21894,-0.31586175611111084
mp-219,-0.6556466092857143
mp-21907,-0.593440466666666
mp-2199,-0.3206737562500006
mp-22003,-0.3914217505349997
mp-2201,-0.5606600861718745
mp-22027,0.7032659901149424
mp-22033,-0.4922740090624993
mp-22036,-0.7493784658333335
mp-22040,-0.2758859280000003
mp-22050,-0.13381173142857147
mp-22060,0.03228238624999946
mp-22095,-0.5811238333333328
mp-2210,-0.10350013500000088
mp-2211,-0.4283339274999989
mp-2212,-0.3703844950000006
mp-22120,-0.5006998326666661
mp-2213,-0.06774287999999906
mp-22144,-0.3768403912500009
mp-22150,-0.3438642900000005
mp-22151,-0.8974747358333334
mp-22152,-0.2825554050000001
mp-22154,-0.22870928333333337
mp-22156,-0.7096037800000001
mp-22167,-0.409676978333334
mp-22179,-0.6729086061111111
mp-22191,-0.5448641444444446
mp-22204,-0.5227963611904762
mp-2221,-0.10583438777777825
mp-22227,-0.6069646065517252
mp-2225,-0.18088616083333284
mp-22253,-0.9414231553571426
mp-22258,-0.7082107041666662
mp-22260,-0.15019275394341383
mp-22262,-0.6152275653571427
mp-22268,-1.122026830357143
mp-22270,-0.5836194955357143
mp-22275,-1.0786455252777774
mp-22284,-0.7652100663888888
mp-22287,-0.5312157150000006
mp-22302,-1.105414542023811
mp-22304,-0.5739950884821425
mp-22309,-0.2769115173958336
mp-2231,-0.7780405040625009
mp-22315,-0.4440552255555556
mp-22318,-0.26018121888888857
mp-22320,-0.30076941499999954
mp-22325,-2.4274206889448053
mp-22344,-0.2223185490000006
mp-22346,-0.5731418659999996
mp-22390,-2.1764856380833337
mp-22396,-0.3607172633333337
mp-22414,-1.0449391877187495
mp-22426,-0.8894334724999998
mp-2243,-1.2161276715625
mp-22434,-1.040644422857144
mp-22444,-0.40694692309523833
mp-22447,-0.8622304852678582
mp-22461,0.07968698750000058
mp-22469,-0.0638408350000006
mp-22478,-0.02749860666666611
mp-22489,-0.6069266466666671
mp-22493,-0.7048732683333334
mp-22498,0.0991364783333341
mp-2250,-0.4121948866666673
mp-22508,-0.00196385609195405
mp-2251,-0.46254288309500025
mp-2252,-0.8388389805555553
mp-22522,-0.6688593366666661
mp-22535,-2.968423444749999
mp-22546,-0.31620542000000046
mp-22565,-0.5843274257183898
mp-22566,-0.8429098640625003
mp-22568,-0.17526582624999953
mp-2258,-0.036223427500000405
mp-22592,-2.7122696199999994
mp-22598,-2.00618669525
mp-226,-0.9477331412499991
mp-2260,-0.23247077999999988
mp-22607,-0.5931246234821427
mp-22617,-0.6917044761111105
mp-22619,-0.37171180488095246
mp-2263,-0.7574568133333331
mp-22631,-0.060585409126666434
mp-22636,-0.4293905141666663
mp-22637,-1.0253374670238113
mp-22646,-0.5183105166666664
mp-22662,-0.8138518549999993
mp-22682,-0.46688487666666667
mp-22700,-0.7282216556249992
mp-22716,-0.27994274880952386
mp-22717,-0.6161169850000001
mp-22722,-0.6886537541666655
mp-22735,-0.6571195550000001
mp-22749,-0.06760341832512447
mp-22752,0.11015135500000046
mp-22759,-0.43292207527777765
mp-22769,-0.5980234949999989
mp-22784,-0.0415660700000009
mp-22787,-0.38141602333333324
mp-22792,-0.21098947321839034
mp-22793,-0.16100894599999976
mp-22795,-0.08089581166666626
mp-2280,-0.07425908989583323
mp-2283,-0.29153015750000044
mp-2286,-1.2604582752256945
mp-22862,-2.1050868141300003
mp-22864,-0.24045204833333322
mp-22865,-2.1975245405955173
mp-22867,-1.76158495875
mp-2287,-0.8123049574999994
mp-22870,-0.6715661425000001
mp-22875,-0.8390735249999999
mp-22888,-2.0484606850000002
mp-22889,-1.5432149805066666
mp-22894,-0.2799037716666666
mp-22895,-0.1468129174999997
mp-22898,-1.4909589040000002
mp-22899,-1.1962805858333334
mp-229,-0.692768577499999
mp-22903,-1.50632952625
mp-22904,-2.7926674471733333
mp-22905,-2.1067852699633334
mp-22909,-1.5440916355066667
mp-22913,-0.25016798500000004
mp-22914,-0.6755105716299998
mp-22916,-1.5826751675000001
mp-22919,-0.1884432041666666
mp-22922,-0.7242274732966671
mp-22925,-0.28062090416666674
mp-22934,-1.6759301741485717
mp-2294,-0.6646514275
mp-22956,-1.715258929862857
mp-22967,-0.8795123019047618
mp-22980,-1.6129729787676192
mp-22987,-1.214905322083333
mp-22992,-2.716186544836667
mp-23,0.0
mp-230,-1.84768907875
mp-23002,-2.3652971670833325
mp-2301,-0.3027537845535706
mp-23034,-2.2002704416177776
mp-23037,-1.8694432215422068
mp-2305,-0.08383734999999959
mp-23052,-1.501717227460001
mp-23054,-1.5960276737500003
mp-23056,-1.388474296428333
mp-23060,-0.8207195617624521
mp-23067,-1.5397356950622223
mp-2310,-0.85994564
mp-2311,-2.2934472022916665
mp-2313,-0.07829220166666673
mp-23152,0.0
mp-2318,-0.44846653999999947
mp-23193,-2.24857100813
mp-23195,-1.62990231625
mp-23202,-0.4663510175000001
mp-23209,-2.8817299777288885
mp-23214,-2.792543015506667
mp-23219,-0.30782196000000006
mp-2322,-0.5314643544444445
mp-23227,-0.20961754499999996
mp-2323,-0.10024430750000057
mp-23231,-0.33003582666666675
mp-23251,-1.7616458115
mp-23259,-1.5433949583333333
mp-23260,-1.7980197241666669
mp-23262,-1.6523517087499997
mp-23268,-1.275293075
mp-2327,-0.0645993464705882
mp-23295,-2.23520260038
mp-23313,-0.0029619174999999665
mp-23350,-1.6228415682844444
mp-2337,-0.36868229333333363
mp-2339,-0.6469333224999989
mp-2340,-1.3134257114583334
mp-23406,-1.6496730272691187
mp-2343,-0.18552556222222213
mp-23431,-0.6207874396551724
mp-2348,-0.41615030333333297
mp-23485,-0.29950181238095247
mp-2349,-0.3056548920833335
mp-23513,-1.5987309428399998
mp-2352,-1.4503121337499998
mp-2354,-0.10295295999999965
mp-23560,-1.9418601542105263
mp-2361,-0.2916720981250007
mp-2363,-0.17090483166666579
mp-2369,-0.5421510162500001
mp-23703,-0.482520472643333
mp-23709,-0.12990719202666606
mp-2371,-0.23964394285714263
mp-23710,-0.27816444352444475
mp-23711,-0.2775092085244448
mp-23713,-0.658717047413333
mp-23714,-0.6352881254688884
mp-23715,-0.5890339565799998
mp-23736,-0.35113225317199975
mp-23737,-0.3423897784386664
mp-23752,-0.29289833338220006
mp-2379,-0.470033564999999
mp-23804,-0.3887608998207399
mp-23807,-2.6576337590300003
mp-2385,-0.11182425499999955
mp-239,-1.5552812010937505
mp-2395,-0.4024927687500002
mp-23956,-0.33317045768761844
mp-2399,-0.5165031716666668
mp-2403,-0.9692530233333336
mp-2404,-0.3299132750000003
mp-2406,-0.4754557120238095
mp-24084,-0.26493946080999997
mp-24093,0.06166470819000036
mp-241,-2.505521514126667
mp-2410,-0.18596368555555523
mp-24154,-0.3228684524133338
mp-2420,-0.3690086167857132
mp-24237,-0.7666489907466664
mp-24286,-0.6524001157466662
mp-24289,-0.14110567430999943
mp-2430,-0.5314534683333333
mp-2432,-0.11038351972222198
mp-24409,-0.18829773634190458
mp-2444,-0.6927199599999989
mp-2449,-0.5193004324999997
mp-2451,-0.4340429616666667
mp-2454,-0.21988279166666538
mp-246,-3.693128742142499
mp-2469,-0.9709456665624998
mp-24719,-0.11192773930999955
mp-2472,-3.084744533958333
mp-24726,-0.5854989924133326
mp-24728,-0.3057588590799997
mp-2478,-0.550523385555555
mp-248,-0.15810385523777548
mp-2481,-0.12100520555555565
mp-2488,-0.36485738750000074
mp-249,-0.3942342750000005
mp-2490,-0.4086167242857135
mp-2500,-0.21342794800000037
mp-2501,-0.31650928944444345
mp-2513,-0.5180595558333329
mp-2515,-0.042357647499999374
mp-2516,-0.3662053491666666
mp-2517,-0.4628475391666669
mp-253,-0.3518902516666671
mp-2533,-2.8802700308333335
mp-2534,-0.35010259500000007
mp-2536,-0.289929522777778
mp-25372,-1.3902413647916667
mp-2540,-0.37297394500000003
mp-25417,-2.965150669791666
mp-2542,-3.1105024706249997
mp-25433,-3.3593804074999993
mp-255,-0.25230765874999994
mp-2552,-1.3330190409375007
mp-2553,-0.17074653666666725
mp-2554,-0.28852175249999945
mp-2557,-0.3580737666666671
mp-2560,-0.03210542749999945
mp-2562,-0.07222111389008745
mp-2567,-0.46460185999999837
mp-2572,-0.08237156861111099
mp-2574,-3.7875702891666663
mp-2578,-0.22389745333333325
mp-258,0.05067016833333445
mp-2580,-0.7693422516666661
mp-2582,-0.5553111599999987
mp-2583,-0.7544908699999997
mp-2588,-0.09209231791666757
mp-25886,-1.8116021655952377
mp-2589,-2.022652576111111
mp-259,-0.24146852249999995
mp-2592,-0.4995861933333323
mp-2598,-0.1626375799999996
mp-2604,-0.5792789369444442
mp-2605,-3.3164024331249995
mp-2606,-0.3419172716666665
mp-2612,-0.07467128999999995
mp-2614,-0.38655441250000067
mp-2619,0.09195291250000004
mp-2624,-0.15948640250000023
mp-2634,-1.2597105211899997
mp-2643,-0.125866555714285
mp-2644,-0.16156097999999997
mp-2646,-0.3644874980000001
mp-2647,-0.4230416333333338
mp-265,-0.7005861450000008
mp-2652,-3.9802559818333334
mp-2653,-1.378182315356666
mp-2654,-1.4546138725416669
mp-2657,-3.474758595833334
mp-2658,-0.3272490999999995
mp-2659,-0.41942584595166554
mp-266,-0.4891549000000002
mp-2663,-0.38158030249999975
mp-2667,-0.3064106939655171
mp-2670,-0.17198228125000092
mp-2672,-1.2960533071250002
mp-2674,-1.0843926427777777
mp-2676,-0.18889099166666648
mp-2677,-0.8581298337499996
mp-2682,-0.4705017183333335
mp-2685,-0.17142092500000006
mp-2691,-0.6279508711718749
mp-2695,-0.01613506500000028
mp-2696,-0.25227293333333334
mp-2697,-2.2062502397222215
mp-2698,-0.26119115111111135
mp-2700,-0.3826975249999999
mp-2701,-1.2194894086900003
mp-2705,-0.44400824999999955
mp-27138,-1.1847315765714284
mp-27148,-0.32083538904761905
mp-2715,-0.326196711666667
mp-27164,-0.3712086911904758
mp-27207,-2.2520478160533335
mp-27226,-1.599925974513889
mp-2723,-1.271091119166666
mp-27243,-1.1368263094285713
mp-27255,-0.8333074572499996
mp-27275,-2.5619930742261903
mp-2730,-0.16337110499999974
mp-2731,-0.373676732499999
mp-2733,-0.33575122636363636
mp-27335,-0.099518943333333
mp-27393,-0.43154026875000007
mp-274,-0.3072256077777777
mp-2741,-4.245612699126666
mp-2743,-0.4222928733333333
mp-2744,-0.4394024133333332
mp-27456,-2.2247286975000002
mp-27471,-1.0189127222321435
mp-2749,-0.19392779666666668
mp-27505,0.00018663500000002387
mp-2752,-0.06561868750000066
mp-27577,-0.2130331424999999
mp-2758,-2.0623207895052085
mp-2760,-0.5454586672727285
mp-27606,-0.8386136275000003
mp-2762,-0.8116820977777776
mp-27660,-1.2365322160714294
mp-2767,-0.47185435999999914
mp-27677,-0.6524223777968756
mp-27678,-2.206413741289334
mp-27691,-0.9952273417777779
mp-2772,-0.5378202358333333
mp-27726,-1.7535467168750003
mp-2773,-0.3055314650000005
mp-27731,-0.5799811424133333
mp-27743,-2.1540536234916665
mp-27747,-0.25146556000000037
mp-2775,-0.23037004933333308
mp-27757,-0.016429741666667042
mp-2780,-0.16705264419642823
mp-2781,-0.9094681924999994
mp-27827,-2.1993113427288886
mp-27828,-2.2314986206024523
mp-2783,-0.5571066100000005
mp-27831,-2.3436097238400007
mp-27834,-1.1761860532844446
mp-27838,-0.37795271499999994
mp-27839,-2.171511617284444
mp-27848,-1.2790114357933327
mp-27888,-3.3961987616666662
mp-27891,-1.3784983471249994
mp-27919,-0.7193612584615378
mp-27932,-0.34637732384615394
mp-2794,0.058138537142857515
mp-2795,-0.8049817900000011
mp-2797,-0.19017430888888853
mp-2802,-0.8111640100000006
mp-28020,-1.5639754863399997
mp-28024,-0.9857695745833324
mp-2807,-1.489676656785715
mp-2809,-0.6473604918749999
mp-28110,-0.7803187172222223
mp-28145,-1.562556714951111
mp-28163,-2.4378275086800003
mp-28230,-0.6652315203125005
mp-2824,-0.8334241108333332
mp-28266,-0.43067664071428524
mp-2827,0.027708243611109868
mp-28270,-0.9827780412083337
mp-2828,-1.9386357411899997
mp-2831,-0.06574997999999965
mp-28319,-0.1631954241666668
mp-28339,-1.138372821190476
mp-28376,-1.5698419915642854
mp-284,-0.6102619425000002
mp-2845,-0.41554414500000014
mp-2851,-0.06371011999999965
mp-2856,-0.27706235990804656
mp-2857,-2.1040943086899997
mp-2858,-3.823811041666667
mp-28645,-0.8044286757933339
mp-28711,-1.0174572155
mp-28782,-1.211864970133929
mp-2879,-2.650572055583333
mp-288,-0.7374383615625
mp-28895,-0.6661830734693878
mp-28896,-0.18796181611111132
mp-28897,-0.284538549444445
mp-2894,-0.7665902716666668
mp-28945,-0.2676194209523797
mp-2895,-3.231705845238095
mp-28980,-0.9522713097901787
mp-29009,-1.5285846352380954
mp-29011,-0.3432882399999997
mp-29066,-0.3488659334374997
mp-29069,-0.6682104630555562
mp-29076,-0.20438678493999873
mp-291,-0.7067890849999987
mp-2910,-3.6594689554599995
mp-29111,-0.43104532111111066
mp-29135,-0.7302832638888899
mp-29145,-0.5431238783099994
mp-29152,-0.9335354108928566
mp-29153,-0.9924986546428567
mp-29154,-0.9271733583928583
mp-29157,-0.4083970845238092
mp-2918,-2.7309348902083324
mp-292,-0.4527527899999999
mp-29208,-0.5326949563333333
mp-29209,-0.6069228633333335
mp-2930,-0.03211850279310369
mp-2931,-2.9896753720138887
mp-2932,-0.6747718629629639
mp-29352,-2.2901572206249994
mp-29362,-1.3019920496733335
mp-29398,-1.2589783550957852
mp-29403,-0.41494876499999983
mp-29481,-1.0747212427777777
mp-2949,-0.5502420189999995
mp-2955,-3.520011065380667
mp-29556,-1.3260582766177782
mp-29638,-0.3372305049999997
mp-29641,-0.12031967249999968
mp-29646,-0.7531795158333333
mp-29661,-0.6798894668181816
mp-29674,-0.47121675952380976
mp-29678,-0.5544084573958337
mp-29733,-0.1719760044444444
mp-29736,-0.6670733161111109
mp-29748,-0.32140403166666626
mp-29752,-0.33305515375000017
mp-29889,-1.1701572190057141
mp-29896,-0.5044840030952388
mp-29898,-0.464791819930556
mp-29973,-0.715645217023333
mp-2998,-3.4867550467500004
mp-30,0.0
mp-30062,-1.0564581339846744
mp-30147,-0.9838838783333337
mp-30151,-0.07859011322916665
mp-30156,-0.7663651657933332
mp-30175,-0.29080970700000003
mp-30177,-0.2146480587179488
mp-30180,-0.25161605399999964
mp-3020,-3.1879094447499994
mp-30208,-0.8696731363690473
mp-30227,-1.7721392071733335
mp-30234,-1.8023991639357857
mp-30242,-2.60122988698394
mp-30244,-2.3388424368080942
mp-30245,-2.2272801375608338
mp-30247,-2.0774968866146666
mp-30312,-0.7422689450000007
mp-30338,-0.18532859499999965
mp-3034,-0.1821422645833337
mp-30353,0.034513066666666425
mp-30354,-0.1980217076666669
mp-30357,-0.26742525599999994
mp-30363,-0.7404165133333335
mp-30365,-0.1361928937500001
mp-30366,-0.48592972499999965
mp-3038,-0.6898538027678575
mp-30383,-0.4374389000000001
mp-30404,-0.5331187420833334
mp-30405,-0.5354411408333335
mp-30408,-0.40668386864583317
mp-30410,-0.08068357561576331
mp-30423,0.08025144999999985
mp-30428,-0.07352391000000003
mp-30435,-0.19532745833333345
mp-30437,-0.8150879008333334
mp-30438,-0.22044840916666666
mp-30441,-0.19779963921052668
mp-30443,-0.277947219375001
mp-30449,-0.08045722444444436
mp-30451,-0.5187869088888887
mp-30459,-0.6269934783333332
mp-30460,-0.6738431311111105
mp-30461,-0.2961037900000001
mp-30472,-0.2981001299999996
mp-30477,-0.5685029394444447
mp-30481,-0.5145270308333328
mp-30483,-0.24902574749999995
mp-30485,-0.12408136749999987
mp-30488,0.025866876666666688
mp-30490,-0.0894628449999999
mp-30491,-0.08313770208333349
mp-30493,-0.4483882862499997
mp-30494,-0.22611168374999968
mp-305,-0.42114209499999866
mp-30501,-0.07545494999999984
mp-30533,-1.0059760303958332
mp-30536,-0.1337940866666669
mp-3054,-2.2560707270138884
mp-30555,-0.36007872500000015
mp-30562,-0.2606403799999993
mp-30563,-0.48072736055555587
mp-30570,-0.027456432499999295
mp-30572,-0.39811538666666735
mp-30581,-0.15778773666666623
mp-30591,-0.33405575583333347
mp-30593,-0.12233473374999981
mp-30594,-0.06956962749999959
mp-30595,-0.36480212249999955
mp-30599,-0.0744642380000002
mp-306,-2.8072340834166662
mp-30603,-0.11645303166666683
mp-30648,-0.12751231833333287
mp-30656,-0.549538090000001
mp-30671,-0.40296810166666575
mp-30672,-0.32170053374999963
mp-30682,-0.6264134099999996
mp-30683,-0.5669757933333331
mp-30684,-0.5437871090000016
mp-30685,-0.48116679750000024
mp-30686,-0.6148011130000001
mp-30719,-0.19731235972222194
mp-30722,-0.23077766124999965
mp-30725,-0.3990259177777779
mp-30726,-0.3624556358333333
mp-30727,-0.15413104000000022
mp-30737,-0.2928664022222228
mp-30739,-0.33131863375000004
mp-30744,-0.30821922000000157
mp-30746,-0.777454811666666
mp-30764,-0.4303386488888889
mp-30767,-0.3776989062962962
mp-30768,-0.39884703216666645
mp-30769,-0.3976917009259257
mp-30777,-0.5788400708333326
mp-30778,-0.39229718130952357
mp-30780,-0.569807350833333
mp-30784,-0.06785365807692319
mp-30787,-0.25437781125000036
mp-30788,0.047591560000000754
mp-30798,-0.1619582449999998
mp-30807,-0.37766252500000164
mp-30811,-0.10797901600000018
mp-30816,-0.5358100383333335
mp-30817,-0.6412659891666666
mp-30818,-0.7033226533333332
mp-30819,-0.8270094016666665
mp-30820,-0.4972170133333331
mp-30821,-0.7143409541666665
mp-30835,-0.4648659366666668
mp-30836,-0.48672117000000004
mp-30840,-0.606869313
mp-30842,-0.8218912312500004
mp-30846,-0.5133765070000003
mp-30847,-0.8315634866666658
mp-30849,-0.746956711666666
mp-30850,-0.7092689849999996
mp-30851,-0.940656685625
mp-30852,-0.4347156555555556
mp-30856,-0.3127598337499995
mp-30858,-1.0052747424999993
mp-30866,-0.2814252049999997
mp-30867,-0.5430777075000002
mp-30871,-0.03670971500000064
mp-30875,-0.33918468000000007
mp-30876,-0.3692399812500007
mp-30882,-0.16453110999999984
mp-30883,-0.04721871055555561
mp-30884,-0.37195770583333365
mp-30885,-0.29597896472222224
mp-30886,-0.18612086871794878
mp-3094,-3.467995678809524
mp-3098,-2.4248198206250002
mp-31011,-0.9827478273333327
mp-3104,-1.4362681661900005
mp-31055,-1.1949421994759994
mp-31059,-0.3945516580000003
mp-31080,-0.6321429111111107
mp-31081,-0.33488517412466917
mp-31138,-0.22898288991379268
mp-31147,-0.3759706983333331
mp-31153,-0.9108891999999997
mp-31160,-0.5246938083333337
mp-31172,-0.28783003124999995
mp-31185,-0.1867782724137932
mp-31187,-0.45323441749999915
mp-31212,-3.3964682034419047
mp-31219,-0.17536012124999978
mp-31277,-0.21862567550000023
mp-31297,-0.905873285
mp-313,-0.18914358777777807
mp-31301,-0.2909733964583334
mp-31326,-0.07555330222222206
mp-31337,-0.4379233625000003
mp-31348,-0.37416081999999956
mp-3136,-2.81554925975
mp-31379,-0.6457698500000006
mp-3138,-0.3951215330769233
mp-31383,-0.25108410499999917
mp-31438,-0.8206566594444441
mp-31451,-0.4221872916666669
mp-31452,-0.3090293233333341
mp-31453,-0.3451605716666665
mp-31454,-0.3789772916666673
mp-31455,-0.23487950833333335
mp-31456,-0.5397639016666661
mp-31457,-0.5668531016666675
mp-31458,-0.4548330383333325
mp-31459,-0.1241022633333344
mp-31460,-0.20930130666666832
mp-31469,-0.3845691133333339
mp-31496,-0.4496610176666668
mp-31498,-0.7490768524999996
mp-315,-2.7017004307933328
mp-31502,-0.1212093462499999
mp-31510,-0.32246698749999947
mp-31516,-2.07091666590909
mp-3155,-0.43522223937500115
mp-3158,-0.6773364195833338
mp-3159,-0.8134542456249996
mp-316,-0.2848886748275863
mp-3161,-0.21557217722222197
mp-3163,-2.5999696007499997
mp-317,-0.48415305124999986
mp-3173,-0.3875414433333333
mp-32,0.0
mp-3210,-0.8390335244285716
mp-3216,-1.270125747618667
mp-32311,-1.998400076590909
mp-32662,-2.170812473437499
mp-32669,-0.2711181515972226
mp-32679,-0.4778513217647056
mp-3271,-0.5921260019999991
mp-3274,-0.4639859016666665
mp-328,-0.32168728833333304
mp-32880,-0.2494231899999999
mp-32994,-1.67229044102
mp-33,0.0
mp-33009,-1.790587182705058
mp-331,-0.4463036574999997
mp-33107,-1.7142619835769999
mp-3315,-1.5240388612499993
mp-3323,-3.6163422900833324
mp-333,-0.21000516833333313
mp-3340,-0.44877392250000003
mp-3349,-3.5019945665625003
mp-3378,-3.822132465083334
mp-3390,-0.5977082986666659
mp-3397,-3.4078941085714285
mp-341,-2.2221744109519994
mp-34202,-0.23555208200000025
mp-3427,-3.0905307529166666
mp-3432,-0.8995265266666669
mp-3441,-1.134574124666667
mp-3448,-3.5658730069806666
mp-3464,-0.3645122087499999
mp-3469,-0.5577382937500008
mp-351,-0.5008176612500002
mp-35143,-1.8433768148750005
mp-3519,-2.9060046022916666
mp-352,-4.030009485
mp-3522,-0.2420916761111105
mp-3534,-0.09127541777777755
mp-3536,-3.3835339133333338
mp-35539,-0.5103217027678575
mp-3567,-0.737542822421875
mp-3574,-0.13067046491379308
mp-3576,-0.4920973775000004
mp-35785,-2.04874685702381
mp-3582,-0.14780555625000033
mp-3595,-0.19765540874999932
mp-361,-0.6495905054166661
mp-36111,-0.7632177761904764
mp-3618,-0.775894440999999
mp-362,-0.636190251250001
mp-3623,-0.36925809241379337
mp-363,-0.34703671888888876
mp-3635,-2.745634286875
mp-364,-1.10165163
mp-3642,-2.7324906831249995
mp-3654,-3.7370589982139997
mp-3657,-0.6765520462500003
mp-3666,-3.136345967083333
mp-3668,-0.09748252928571421
mp-3676,-0.11395916555555512
mp-3677,-1.3672727788983323
mp-3679,-0.5362612852083336
mp-3698,-0.3996420105555553
mp-3700,-4.05947384496
mp-3701,-0.4257471849999993
mp-3702,-0.1775861274999997
mp-37091,-0.8345983223809519
mp-372,-0.4350572649999993
mp-3721,-3.8160703730833334
mp-3731,-2.908694976083333
mp-3732,-1.418472769531249
mp-374,-0.3178056288888887
mp-3747,-0.7628639316666673
mp-37473,-3.5577776596575
mp-3748,-2.424902193125
mp-3759,-2.506815338416666
mp-37614,-2.757669639999999
mp-3762,-0.9370250578124999
mp-37620,-2.15661309744546
mp-3771,-3.3789166224166665
mp-37906,-0.7670832541266664
mp-3791,-0.4140017987499993
mp-3792,-3.7300188059166666
mp-380,-0.710474638671875
mp-3803,-0.4982902581249995
mp-38035,-2.686332074083333
mp-3805,-0.4011437733333324
mp-381,-0.6403366024999997
mp-3813,-2.263661121785715
mp-3821,-2.4549452847933333
mp-3833,0.009735499333333309
mp-3834,-3.6482091047499994
mp-38394,-0.8903468271428571
mp-384,-0.3067590175238095
mp-3854,-0.6346166125287354
mp-3862,-0.35312264100000024
mp-38683,-1.1527508000000009
mp-3871,-0.72723426625
mp-38818,-0.8628881255555546
mp-3886,-0.6439274512500006
mp-389,-0.5415486499999993
mp-3896,-1.0668958956666672
mp-38970,-0.32091515599999987
mp-390,-3.5055776491666664
mp-3909,-0.5208705150000004
mp-3924,-2.694030011041667
mp-3938,-1.4228601593749997
mp-3953,-2.6987868547500007
mp-3955,-3.1217889255952382
mp-3970,-3.5598630381266667
mp-3988,-1.4642968131250003
mp-399,-0.3970017166666662
mp-4002,-3.7003795033859257
mp-4019,-3.56657974325
mp-4043,-0.5149268749218745
mp-406,-0.4637142999999999
mp-4064,-0.8527254424285715
mp-4076,-0.1865593066666662
mp-4079,-0.5930820530000005
mp-408,-0.27290153888888885
mp-4081,-0.5145681049218753
mp-4083,-0.35153538944444424
mp-4120,-0.8138741666666665
mp-4124,-1.0855425824399996
mp-4131,-0.7908326410000001
mp-4152,-0.9116747096428577
mp-416,0.02967219249999964
mp-4163,-3.5223690561458336
mp-417,-0.1913458548275866
mp-4182,-0.8076841973958331
mp-4192,-1.1742868944759999
mp-42,0.007001462000001387
mp-4200,-3.3648770922619047
mp-423,-0.5429021155555552
mp-4230,-0.6209646929999991
mp-4236,-2.373139619375
mp-4247,-0.30709893333333343
mp-4248,-0.3374029420833349
mp-4252,-0.7431731985892853
mp-4253,-0.18019533899999943
mp-4255,-1.17575402525
mp-4259,-0.4342282549999993
mp-4262,-0.05239185777777777
mp-427,-0.18533247249999985
mp-4280,-1.6825902131250006
mp-429,-0.2550331775000001
mp-432,-0.17830781500000015
mp-4342,-2.86336469135
mp-4359,-2.403355734513889
mp-4366,-0.058021046000000354
mp-4368,-0.41821688911458327
mp-437,-0.6084012816666666
mp-4385,-1.7757341037500005
mp-443,-0.7119886899999995
mp-4441,-0.33349378299999943
mp-4448,-0.41853925200000075
mp-446,-0.003322157499999534
mp-4471,-3.678797976749999
mp-4472,-0.2454596933333324
mp-4478,-0.9729204650000002
mp-448,-0.08514542868999975
mp-4492,-0.45351737366379297
mp-4499,-0.04074089194444438
mp-45,0.0009796950000000582
mp-4500,-1.0793463311904763
mp-452,-0.30530222812499996
mp-4524,-0.21142746178571414
mp-4541,-1.3571174843750002
mp-4551,-3.789170590083333
mp-4559,-2.670952158749999
mp-4563,-0.44103875800000053
mp-4573,-0.23099341124999961
mp-458,-3.3127926267499985
mp-4593,-0.19212005979310334
mp-46,0.004000340000001046
mp-4612,-0.5137410375
mp-4613,-0.7878286837499999
mp-4627,-0.6699859410416664
mp-4628,-1.0768638757812496
mp-463,-2.9503849395949997
mp-4630,-1.8455635570138884
mp-4636,-2.731707059375
mp-4651,-3.561507020083333
mp-4653,-1.0943316046666667
mp-4656,-0.4328132525641024
mp-4661,-4.141297145813334
mp-4666,-0.20153382553571486
mp-4673,-3.8176818595833337
mp-4678,-1.1731812430949997
mp-468,-3.8920467096425
mp-4697,-0.5949142334821421
mp-4720,-0.4795510120370376
mp-4728,-0.24597711450520818
mp-4730,-0.5036758656249997
mp-4744,-0.6674241709999997
mp-4753,-3.384629764218751
mp-4756,-0.0646028125
mp-4771,-0.3048764625000002
mp-4779,-2.8132413169551294
mp-4798,-0.34691416000000025
mp-481,-1.0401286387499997
mp-4820,-3.5692748341666665
mp-4822,-0.9526595466666663
mp-4823,0.027159595999999907
mp-4824,-0.4094908461904761
mp-4826,-2.1360497443749997
mp-4842,-1.3926338782142866
mp-4846,-0.2710853315517241
mp-485,-0.45841882750000096
mp-4852,-0.3440144670535708
mp-486,-0.36080885404761887
mp-4864,-0.561864801111111
mp-487,-0.36123319078817817
mp-4876,-0.3630171231473212
mp-4878,-1.0348519507812501
mp-488,-0.12262840533854202
mp-4883,-0.811810793428571
mp-4893,-0.7753348087499994
mp-4897,-0.8838910662500004
mp-49,0.0
mp-4901,-0.23695569799999988
mp-4909,-1.1772889160714277
mp-492,-1.9076807561899987
mp-493,-0.18941721777777806
mp-4938,-0.5459604961111104
mp-4955,-0.43077244250000035
mp-4964,-1.2100581761111115
mp-4978,-1.2664251305949987
mp-4979,-1.1406798790625006
mp-4989,-0.21651201333333286
mp-4992,-0.3426212187500006
mp-4997,-1.3592499643749996
mp-50,0.0
mp-501,-0.8005800023958329
mp-5014,-0.3265300521527781
mp-5019,-0.4844598025000006
mp-5020,-3.5015029667499995
mp-5025,-1.5032840032812507
mp-504,-0.5241846157291672
mp-5042,-0.7102407377777773
mp-504580,-1.8020125567499996
mp-5046,-2.4234227721875
mp-504659,-1.0043061820238093
mp-504711,-0.9630291543750005
mp-504741,-0.6444566850000001
mp-504908,-1.832903778611111
mp-505071,-0.4550600684090908
mp-505110,-1.4392780431250003
mp-505206,-0.38702394075000013
mp-505215,-0.272676838888889
mp-505297,-0.4172336216666679
mp-505517,-2.736527727045454
mp-505527,-0.7916478405555551
mp-505540,-0.8852469625000007
mp-505554,-0.6559576829999998
mp-505562,-1.7956041781249992
mp-505803,-0.13130083321839217
mp-505820,-0.5745320147321434
mp-505822,-0.8190765825000005
mp-505824,0.043869376827585425
mp-505825,-0.059037677172413795
mp-507,-0.5028174883333337
mp-5077,-0.5782497458333338
mp-5078,-3.4376912910711113
mp-510219,-0.15884252000000032
mp-510281,-1.4481904368749996
mp-510311,-0.4110393066666669
mp-510346,-0.5263719128835224
mp-510347,-0.8498455255113645
mp-510409,-0.8459560066666659
mp-510412,-0.550564526071428
mp-510437,-0.46385723
mp-510441,-0.9521649483333334
mp-510623,0.05511399687500074
mp-510624,-2.3282499660833325
mp-510691,-0.40578055000000135
mp-5129,-0.8322304206666665
mp-5137,-1.1329157283928577
mp-514,-0.21460594333333324
mp-5149,-0.37189058750000026
mp-5166,-0.7441462270000002
mp-517,-0.4786904933333318
mp-5186,-0.6341997116666676
mp-5193,-2.1720491412083334
mp-5213,-0.10178780303571466
mp-522,-0.04800011999999976
mp-5221,-0.5854375000000003
mp-5244,-0.9072500683928562
mp-5259,-3.657811039543334
mp-5288,-0.6780405786666662
mp-5292,-0.6472048469999997
mp-530399,-3.362294466904761
mp-5305,-0.39295261604166676
mp-5318,-0.1054393198850588
mp-5348,-2.458758379416667
mp-535,-0.061752216475998975
mp-5396,-0.09666887366379306
mp-54,0.0
mp-540,-0.12561399166666595
mp-540111,-2.416562333511905
mp-540231,-2.3993441353521825
mp-540284,-1.8484649155952375
mp-5407,-0.6247654049999998
mp-540791,-0.719809794285714
mp-540839,-1.0383456715862067
mp-540925,-2.0452709388488888
mp-540957,-0.8205205662068964
mp-541,-0.09531754499999856
mp-541014,-0.9035384099137929
mp-541037,-1.194594838060345
mp-5414,-1.0126396128125004
mp-541487,-0.4419404095052079
mp-541753,-1.1105100739846745
mp-541837,-0.38766512940624975
mp-542136,-2.233169644430803
mp-542429,-0.361914752916667
mp-542488,0.002684179583333446
mp-542569,-0.6727349450000002
mp-542640,-0.4713959575000004
mp-542812,-0.36065754083333285
mp-542854,-0.11130429714285738
mp-542915,-0.3976501749999999
mp-543001,-0.6003677811111111
mp-544,-0.5766103399999984
mp-5443,-0.41735004124999975
mp-5456,-2.444457772847221
mp-545974,-3.120335327261904
mp-546011,-1.9845462173958337
mp-546125,-2.696844534999999
mp-546279,-3.022391420416666
mp-5473,-0.44012854694444375
mp-5475,-1.0951388724399997
mp-5479,-3.6571231253766663
mp-548,-0.027012181666666635
mp-5486,-0.4005549269999996
mp-549,-0.9348713599999998
mp-549158,-1.4921686493750004
mp-549706,-2.9885665122916665
mp-550,-0.11383155153846157
mp-550306,-1.657768697547349
mp-550893,-3.941274654166667
mp-550908,-3.8092629440833337
mp-551918,-2.5103711277499996
mp-552454,-2.7146257393093336
mp-552588,-2.8756711620833335
mp-5529,-0.3378605536637931
mp-5532,-3.45301882547619
mp-553243,-2.345457012291667
mp-553303,-0.9765928934051722
mp-553432,-3.462855500833333
mp-5538,-0.876397780833333
mp-553875,-1.9180729295770007
mp-553946,-0.670549087708333
mp-553961,-3.4764540775
mp-554089,-3.2754303658333335
mp-5541,-0.7570378866666682
mp-554107,-2.0499845314833336
mp-554278,-3.5119647349999994
mp-554405,-1.1298426820625003
mp-554573,-3.2766335033333327
mp-554601,-2.346463743214
mp-5549,-0.4509348944444446
mp-554973,-1.9208193577139998
mp-555280,-1.1313915557291672
mp-555370,-1.1318012760714293
mp-555599,-0.5254670882291664
mp-555934,-3.0023322457933332
mp-556,-0.45498453500000124
mp-556125,-2.2207173004576184
mp-556194,-1.8051897975088338
mp-556417,-2.3687377091266675
mp-556424,-3.050078991214
mp-556548,-2.58653556875
mp-556605,-3.8022886833333325
mp-556911,-2.7706842291266667
mp-556927,-2.9156109378766666
mp-557257,-3.0587568023139995
mp-557373,-0.8345834474999998
mp-557686,-3.6984996183925007
mp-557862,-1.1297530240740739
mp-557938,-3.7975388708924998
mp-557993,-1.4711671275
mp-558432,-1.900881683727678
mp-558781,-3.663437478333332
mp-558852,-2.7686773621425003
mp-559,-0.8644944458333335
mp-5590,-0.5163172699999995
mp-559092,-4.3181722658925
mp-559435,-2.2350770533925
mp-559598,-3.906798364404444
mp-559676,-0.7633636040625005
mp-5597,-0.8454074504285707
mp-559798,-2.2130228741266667
mp-559976,-1.1930819472499992
mp-560588,-1.1402128640624998
mp-5606,-3.301115554126666
mp-560865,-0.6228075233925003
mp-560902,-2.991996827665058
mp-560976,-2.5333774483140004
mp-561317,-2.5742938242514293
mp-561511,-0.6715765343750005
mp-562,-0.4789974908333334
mp-5621,-0.9284520390625008
mp-564,-0.36703921499999925
mp-565,-0.4195259300000001
mp-5652,-3.675940877765152
mp-5659,-0.825000450000001
mp-566278,-2.1743429509374996
mp-5670,-3.2550761795238095
mp-567164,-0.39086207416666685
mp-567191,-0.3889425273333335
mp-567197,-0.8366752661111109
mp-567220,-0.9823141783928584
mp-567276,-0.1027756766666658
mp-567313,2.4029999999915692e-05
mp-567345,-0.3986044383333329
mp-567395,-0.35255612184210533
mp-567397,0.0015183633333322177
mp-567412,-0.7767819920833343
mp-567462,-0.49534606499999967
mp-567510,-0.5958205200000002
mp-5676,0.2447569717816087
mp-567612,-0.38009952749999937
mp-567618,-0.5795947395588236
mp-567629,-1.315228998586207
mp-567636,-0.21197767166666637
mp-567652,-2.477042674542207
mp-567666,-0.8545345264759995
mp-567681,-1.3164509390862071
mp-567705,-0.42939563333333314
mp-567713,-0.5412318349999997
mp-567749,-0.723939060666666
mp-567750,-0.3900687550000003
mp-567769,-0.7994451770000005
mp-567841,-0.23222605967857177
mp-567842,-0.13791191307692358
mp-567871,-0.5800041037499994
mp-567889,-0.42269219333333297
mp-567907,-0.5377672715767856
mp-567929,-0.44380765941176453
mp-567981,-0.11871427750000052
mp-567982,-0.035515202499999766
mp-567996,-0.635394586875
mp-568,-0.391141238333334
mp-568014,0.03160787124999942
mp-568077,-0.1798294941666659
mp-568106,0.06737202947530871
mp-568121,-0.43412670828369926
mp-568186,-0.31355089111111195
mp-568284,-1.7094951647222223
mp-568293,-0.9140155209519996
mp-568328,-0.35756608085714275
mp-568346,-1.8358776724600006
mp-568419,-0.34655338375000017
mp-568495,0.007201767307692491
mp-568560,-0.8842219849999999
mp-568565,-0.17799888750000026
mp-568598,-0.22701595571428537
mp-568607,-0.24258008416666677
mp-568636,-0.10263234624999858
mp-568661,-0.5713027341964282
mp-568671,-0.5848019699999991
mp-568673,-0.9173036026666679
mp-568695,-0.5127837372222225
mp-568711,-0.2370623174999995
mp-568718,-0.39529349625000076
mp-568746,-0.24320580000000014
mp-568792,-0.7439630566666666
mp-568803,-0.16808770788888883
mp-568809,-0.33080511636363624
mp-568827,-0.10346225538461613
mp-568865,-0.8735190787500002
mp-568901,-0.1078744391666658
mp-568912,-0.14720954461538474
mp-568914,-1.744827711728889
mp-568920,-0.4082781441666666
mp-568961,-0.5643964130000001
mp-568974,-0.32270033699999984
mp-569018,-0.20023837799999988
mp-569066,-0.7911116295402295
mp-569073,-0.3344767333333329
mp-569125,-0.001015997499999921
mp-569151,-0.04611323321839104
mp-569167,-1.0805118995914265
mp-569196,-0.39537518333333327
mp-569249,-0.02296047625000064
mp-569250,-0.5354629100000015
mp-569265,-0.5770157674999998
mp-569298,-0.5912006369999994
mp-5693,-1.2796806503125007
mp-569331,-0.3492778529629632
mp-569346,-0.14442310749999976
mp-569364,-0.06450480847826094
mp-569426,-0.23888687388888888
mp-569446,0.08722107499999954
mp-569458,-0.5068972868750006
mp-569511,-0.25970417999999995
mp-569522,-0.3612902697881774
mp-569558,-0.31663628500000013
mp-569568,-0.5689265649999994
mp-569581,-0.21290612333333314
mp-569603,-0.7672576629109092
mp-569624,-0.08376066083333338
mp-569628,-0.6285677966666666
mp-569639,-1.3148322766300002
mp-569662,-0.47793450562499984
mp-569671,-0.7124705062499999
mp-569775,-0.4643413574999995
mp-569779,-1.0434496799999995
mp-569785,-0.19590971249999978
mp-569788,-0.251604356111111
mp-569794,0.007034389333333972
mp-569803,-0.33292960222222234
mp-569815,-0.5450152008333333
mp-569833,-0.46484646833333443
mp-569834,-0.19342878041666633
mp-569837,-0.3247536850000001
mp-569849,-0.23498750315789457
mp-569875,-0.7686639686666666
mp-569886,-0.10469990941666711
mp-5699,-2.555163081537143
mp-569989,-0.46666175499999935
mp-570001,-0.1959475250000001
mp-570074,-0.5021642025000013
mp-570081,-0.15245801749999988
mp-570097,-0.8300468057823132
mp-570112,-0.06986433400000039
mp-570150,-0.39174258055555494
mp-570196,-0.6763580683333336
mp-570197,-0.21592296333333336
mp-570198,-0.6416602539999999
mp-570199,-0.6191787349999993
mp-570213,-0.37655783666666637
mp-570256,-0.297897950952381
mp-570276,-0.28458596250000046
mp-570287,-0.5677725831250005
mp-570377,-0.04095930571428547
mp-570428,-0.28715358874999986
mp-570430,-0.21316117083333333
mp-570436,-0.4751426316666662
mp-570452,-0.5598372586666663
mp-570483,-0.5317837624999999
mp-570485,-0.47170518257166627
mp-570491,-0.3610122125000004
mp-570553,-0.3719368863571425
mp-570557,-0.06793698416666771
mp-570578,-0.20843598500000038
mp-570632,-0.6592211824999996
mp-570670,-0.2961888119444443
mp-570673,-0.2836460275000003
mp-570677,-0.34847481727272756
mp-570684,-0.3877495333333319
mp-570689,-0.8236409016666665
mp-570691,-0.26616206999999914
mp-570698,0.06347525750000038
mp-570713,-0.9154644466666658
mp-570744,-0.013875899285714866
mp-570751,-0.1577675524999993
mp-570784,-0.4933851216666672
mp-570832,-0.5232443611111108
mp-570896,-0.1262258316666666
mp-570904,-0.3271300616666668
mp-570923,-0.21835221694444348
mp-570930,-0.45838310907986113
mp-570935,-1.2328133883333334
mp-570963,-0.10132019583333236
mp-571,-0.34752917999999955
mp-571033,-0.22593589117187474
mp-571039,-0.7397021633333333
mp-571053,-0.23831674416666715
mp-571059,-0.2853335358333333
mp-571126,-0.6914448153703697
mp-571160,-0.05165387666666632
mp-571163,0.10426893383620683
mp-571193,-0.36003903778817803
mp-571222,-1.7858991739655175
mp-571247,-0.32108884937500015
mp-571262,-0.43030512833333273
mp-571263,-0.057518840249999904
mp-571264,-0.7673977244444445
mp-571270,-0.8246014740624995
mp-571367,-0.7652671959999993
mp-571420,-0.6555138534693877
mp-571458,-0.7633392984999997
mp-571499,-0.5997373333333336
mp-571513,-2.0083015649511116
mp-571555,-1.10944012663
mp-571594,-0.6687113447388892
mp-571599,-0.6452789350000003
mp-571619,-1.042518842777778
mp-571622,-0.09373953230769252
mp-571636,-1.10921726663
mp-571651,-1.1112558424218744
mp-5723,-0.6448232066666671
mp-573697,-2.2452907955955173
mp-574,-0.24827945166666746
mp-5748,-0.6366321725000006
mp-5777,-3.5010297867499993
mp-5778,-0.42938162499999954
mp-5782,-1.0891341573958337
mp-5795,-0.9153909792853326
mp-580234,-0.15666136047599935
mp-580287,0.03293070499999917
mp-580357,-0.10543251999999992
mp-580886,-1.4718633607933331
mp-581733,-0.5613249922619055
mp-581786,0.00221754875000002
mp-582360,-0.41769727974999993
mp-5827,-3.5021084617499993
mp-583,-0.3006205875000001
mp-5839,-2.9670753755952375
mp-585,-0.29067193210727993
mp-5869,-2.537815863958333
mp-5878,-2.8354007633140004
mp-590,-0.2858004025000005
mp-5910,-0.6698443699999999
mp-5918,-0.9724808246428562
mp-592,-0.7628518799999995
mp-5920,-0.26244915555555554
mp-5928,-1.349086496071429
mp-5929,-0.41902881730158686
mp-593,-0.208091329807692
mp-5933,-3.4931000210833343
mp-5938,-1.6886290784027775
mp-5962,-0.6390597727777779
mp-5967,-0.6613172733333338
mp-597,-0.3735286938888894
mp-5971,-1.0015100945833335
mp-5986,-3.4982955907499993
mp-600124,-0.20717081488505804
mp-600428,0.06518028320689666
mp-601285,-0.2954650499137941
mp-601820,-0.048276456250000876
mp-601848,-0.05697631343749876
mp-603,0.026252413888888288
mp-604908,-0.26578546117187507
mp-605034,-2.3681544503488885
mp-605663,-0.46549306458333284
mp-606949,0.008344420833331867
mp-607111,-0.6926849856250001
mp-607475,-0.344741939090909
mp-610972,-0.29447037766283457
mp-614603,-1.545933226465517
mp-615,-0.11253084833333382
mp-615314,-0.32310899375
mp-616378,-0.9482648705862069
mp-616559,-1.308592815208334
mp-618991,-0.3108669752083338
mp-620571,-0.7012879124999998
mp-622209,-0.4049927537500002
mp-622497,-2.5217031414062507
mp-622570,-0.11720566900000051
mp-625,-0.14531895750000032
mp-625055,-2.64359742278
mp-625136,-1.5487821326003448
mp-625487,-1.4710151909479996
mp-626680,-1.5239764819480002
mp-628,-0.25729491833333284
mp-628606,-0.7526391972222221
mp-631,-0.8076025550000008
mp-635,-0.6261901162499992
mp-636328,-0.6434502799999997
mp-636334,-0.38559903166666604
mp-637614,-0.9805183667045454
mp-638,-0.21556258861111122
mp-639789,-0.01156323349999866
mp-639874,-0.0759562163333328
mp-639910,-0.3335139012121211
mp-640041,-0.04654504647058827
mp-641526,-0.032756788437499296
mp-642644,-0.19057878620666577
mp-642659,-0.19022593787333264
mp-643002,-0.4274049653762957
mp-643009,-0.48082485991333296
mp-643063,-0.8235132673958331
mp-643101,-0.4831625674133334
mp-643243,-0.4796290563980076
mp-643257,-0.37574719006857143
mp-643260,-0.3363081977828572
mp-643279,-0.4954858419688885
mp-643367,-1.0806816944444446
mp-643370,-0.5338221827837037
mp-643409,-2.390141949681373
mp-644225,-0.5261069353762957
mp-644264,-0.5141900616052525
mp-644278,-0.591089886781333
mp-644280,-0.47564264249999955
mp-644481,-3.248137503125001
mp-645159,-1.7682492597500001
mp-646824,-0.23546017878787884
mp-647,-1.2331900040625001
mp-648,-1.2916454110416666
mp-649774,-0.6680896998958339
mp-650,-0.3157980841666668
mp-656887,-0.8940538957142863
mp-6606,-1.4599239832046147
mp-661,-1.59590109119
mp-662,-0.23713508117187487
mp-6668,-3.056077289873513
mp-669546,-0.9062458465384614
mp-669692,-0.4281361808333332
mp-669918,-0.43130850999999915
mp-67,0.0
mp-670,-0.1443460900000003
mp-672,-0.9724105715625
mp-672254,-0.6257414849999997
mp-672287,-0.2511898018627451
mp-672299,-0.5035071055555554
mp-672340,-0.14723618166666697
mp-672371,-0.1483135700000009
mp-672645,-0.979660239166666
mp-674478,-2.64288571475
mp-675,-0.14276182833333215
mp-675120,-0.07246326499999967
mp-675324,-2.6169711527499997
mp-675748,-0.9710034917857138
mp-675766,-1.3252721717727274
mp-676,-0.4833971627542845
mp-676058,-1.1931831708750011
mp-676512,-3.4024962012140003
mp-676586,-1.3532360896428568
mp-676828,0.002469687500000243
mp-680677,-0.18894362449999988
mp-6812,-3.0525829327244898
mp-682,-2.957881430595
mp-684580,-0.27898357916666683
mp-684668,0.06520785999999983
mp-684709,0.09214081646666657
mp-685097,-4.001388199166667
mp-685194,-3.218517848174602
mp-689940,-1.9400095922619052
mp-690490,-2.9655664900000005
mp-690760,-0.43759701680999896
mp-690785,-0.4513637613022223
mp-6908,-0.29591761277777767
mp-691,-0.4357092761718748
mp-6914,-0.47901232999999976
mp-6915,-1.361274711944444
mp-6919,-0.697512716666667
mp-6926,-0.850432640428572
mp-6931,-0.29632153333333305
mp-6938,-0.39738773250000037
mp-695,-0.3025209416666665
mp-6959,-0.8935003417857149
mp-696,-0.6651319275
mp-6962,-0.7560719960000007
mp-6963,-0.7846783320000007
mp-696497,-2.999804265344762
mp-6969,-0.4976656329999997
mp-697030,-0.4301166820429635
mp-697096,-0.4509395377828572
mp-697111,-1.3887052844966667
mp-697179,-0.48905269430999976
mp-6972,-2.729865751458332
mp-6980,-1.6136070778125005
mp-6985,0.061555240000000566
mp-6988,-0.3212287811899994
mp-6997,-0.0634130755555557
mp-700,-0.1685994374218751
mp-7000,-3.267434742499999
mp-7002,-2.7985031268749987
mp-7006,-3.1845199280833327
mp-7017,-0.9024021224399998
mp-7032,-0.9682757817460315
mp-703260,-1.9957649508333333
mp-7038,-0.3926438103385414
mp-704645,-0.9501780556249999
mp-7048,-3.42634710775
mp-7066,-0.8196007233333328
mp-7068,-0.40068112714285675
mp-7070,-0.14227731626910298
mp-7080,-0.47588226367939385
mp-7088,-0.5976637166666663
mp-7089,-0.5870074404444446
mp-7090,-0.5135574194444447
mp-7092,-0.77002652
mp-712,-0.24512540666666638
mp-7140,-0.2018963325000005
mp-715,-0.6931593750000005
mp-715553,-2.2123424708333324
mp-7173,-1.1702464566666666
mp-718,-0.5237226774999995
mp-7187,-0.6233242875
mp-7188,-0.5621044566666669
mp-7189,-0.9157189250000002
mp-7192,-0.7814655099999991
mp-7226,-0.157472083750001
mp-7250,-0.16354955269230778
mp-728,-0.38540762777777776
mp-7285,-0.5363273183333325
mp-729,-0.34113526499999836
mp-730,-0.6830229832142862
mp-731,-0.1153431625000001
mp-733,-2.0890808675
mp-7339,-3.39153091975
mp-7343,-0.7053366881249996
mp-7350,-0.6620593816666662
mp-7352,-0.4310324656349203
mp-736,-0.6964728258928572
mp-7364,-0.47943940699999954
mp-7375,-2.86549833935
mp-7376,-0.5058665771428567
mp-7377,-0.5152946300000002
mp-738,-0.06365696833333345
mp-739,-1.1820984230357148
mp-7400,-0.19463673000000034
mp-742,-0.11795650333333303
mp-7421,-0.4762467776666668
mp-7422,-0.5579069724285717
mp-7424,-0.2680176577777769
mp-7426,-0.6484840714285713
mp-7427,-0.6779727235000003
mp-7429,-0.4479689090000001
mp-7430,-0.4636808030000001
mp-7431,-0.48179900133333325
mp-7432,-0.5130477253333332
mp-7433,-0.5951971607812497
mp-7434,-0.4773845433333334
mp-7435,-0.680150620114583
mp-7436,-0.5896641276666669
mp-7437,-0.4581191855238096
mp-7438,-0.400293481
mp-7443,-0.5948731870535704
mp-7473,-0.22563337041666642
mp-7482,-2.249755429214
mp-7483,-2.2226410083140005
mp-7486,-1.5184224065625007
mp-75,0.0
mp-7506,-0.3077906231249994
mp-752398,-1.9203337356249999
mp-7524,-0.6976971669717263
mp-752463,-1.9275637945433342
mp-752496,-3.38606821248
mp-752947,-1.6733938153125
mp-753,-0.028138728125000068
mp-753059,-3.4132057174800003
mp-753098,-2.271024322261667
mp-753197,-3.735912912916666
mp-753257,-2.231671526904444
mp-753490,-0.34306186666666605
mp-753508,-0.9070082999305557
mp-753605,-0.9388440240972221
mp-753657,-3.478224319146667
mp-753708,-3.4105630541466674
mp-753722,-0.852651990729167
mp-753826,-0.9364427449305559
mp-753848,-1.1189711429166667
mp-753890,-0.050069266206666775
mp-753946,-1.0889803469791675
mp-754008,-1.88554092125
mp-754126,-0.6784887856249995
mp-754134,-3.8879620666666654
mp-754157,-2.6863244547499994
mp-754213,-2.453488778541667
mp-754238,-1.5511594547916663
mp-754246,-2.767304245749999
mp-754311,-2.4008379675757565
mp-754322,-2.195281934047619
mp-754333,-2.783493090625001
mp-754344,-1.6372340010416666
mp-754358,-1.360499182890625
mp-754363,-3.5450947535714286
mp-754364,-3.063451840238095
mp-754375,-2.7880801664583323
mp-7544,-0.9411054138888899
mp-754403,-3.808922514166666
mp-754455,-3.8915889647499995
mp-754478,-3.8873523158333327
mp-754515,-0.5369989211111115
mp-754516,-0.6007699817460322
mp-754538,-0.6891741006249994
mp-754553,-0.030920516951999842
mp-754567,-1.3216384743749998
mp-754588,-2.5689271591666674
mp-754624,-3.3702328037499996
mp-754628,-0.46326255158666524
mp-754629,-0.45214053936444365
mp-754671,-3.269502570208333
mp-754672,-3.4799013224999995
mp-754701,-3.53822705475
mp-754727,-0.9525705044791675
mp-754741,-3.739594353333333
mp-754826,-2.9874545238577586
mp-754850,-1.6634263128125006
mp-755,-0.1765378816666671
mp-755000,-2.932580731041666
mp-755071,-2.0663931024999993
mp-755089,-3.8013959583333325
mp-755115,-1.7235353641666673
mp-755264,-2.8182115206250007
mp-755300,-2.8032470222916666
mp-755302,-3.167647145833333
mp-755309,-1.4709073215625006
mp-755313,-3.9391667677499997
mp-755318,-2.95314682528
mp-755328,-0.43803599000000065
mp-755378,-1.1896856893749996
mp-755453,-0.2919709122881784
mp-755483,-3.3447257247500004
mp-755570,-0.8547270985833336
mp-755690,-2.8686275041666676
mp-7557,-0.3342870381249998
mp-755759,-3.7890415016666665
mp-755769,-3.7720504958333336
mp-755875,-3.1415991364285714
mp-756018,-2.9092933747916665
mp-756134,-2.525665117864584
mp-756214,-3.703047164416666
mp-756361,-2.5409450986979167
mp-756436,-1.582387115625
mp-7565,-0.14133301124999953
mp-757100,-1.042310499479167
mp-7574,-0.4499752511111102
mp-7575,-0.40526369134888834
mp-7576,-0.2885406162499997
mp-7577,-0.6168235487500002
mp-758052,-2.359444452047333
mp-758104,-0.2276226601939655
mp-7582,-0.7552045887499995
mp-7583,-1.0671474387499995
mp-758594,-0.5224083919047615
mp-7589,-2.0093017650591665
mp-7591,0.06046295500000021
mp-7596,-1.9893321728766675
mp-759877,-2.681078632499722
mp-76,0.00639250333333341
mp-760,-0.3552916832291662
mp-7603,-3.5509541894970367
mp-760375,-1.4411214390625005
mp-760376,-2.67591950935
mp-760381,-0.5127804815625003
mp-760396,-3.356746029166667
mp-7604,-2.76706179585
mp-760410,-2.5483981514285716
mp-760439,-3.3274862449999993
mp-761293,-2.7612353062500006
mp-761315,-0.8097166034358629
mp-761341,-2.96823863375
mp-761390,-2.7410408258333328
mp-761415,-0.9512279950000009
mp-761524,-1.8944757674166666
mp-761556,-1.1891681201025293
mp-761563,-1.8666107266633911
mp-761574,-1.8023730617499993
mp-761842,-3.52736775
mp-7623,-0.2266582806666662
mp-763,-0.13129989666666653
mp-7631,-0.20547589083333287
mp-7632,-0.5582370339682525
mp-763353,-2.017931231235
mp-764648,-2.9577171972916663
mp-764949,-2.785841874796294
mp-7650,-3.0082232487500002
mp-765508,-2.6675407663755544
mp-766,-0.3975358983333332
mp-766486,-0.8514948757291672
mp-768305,-3.592839534047619
mp-769096,-0.2978571301215112
mp-7692,-0.465756357333332
mp-769365,-1.3175366445572916
mp-7704,-0.3015310030000002
mp-770618,-2.3842663275397014
mp-7707,-0.8230813319999996
mp-770997,-3.1669471478472224
mp-771,-0.27244015482758677
mp-772856,-0.7446687931249998
mp-773864,-2.751454379166667
mp-774,-0.11206474749999984
mp-774411,-2.054671015166666
mp-774712,-0.9077822815972224
mp-774736,-0.957323085763889
mp-7748,-2.8791330668749997
mp-774922,-2.936966831666666
mp-775001,-2.2451823475000006
mp-775296,-2.61304984760253
mp-7753,-0.48940742333333276
mp-775808,-2.9768206547916667
mp-775909,-3.7733700774999996
mp-775935,-3.7369786075
mp-776083,-3.0077145077499994
mp-776250,-2.2577272292019983
mp-776331,-2.2195423545333326
mp-776532,-4.005173270833333
mp-776911,-2.971310687291666
mp-7770,-0.6690736833333333
mp-7771,-0.6317173933333333
mp-777479,-2.459066529999999
mp-778,-0.4583003239682534
mp-7781,-2.130268320375
mp-7786,-0.7623794956968398
mp-7787,-3.017440939791667
mp-7790,-1.431113535793332
mp-779517,-3.6780371315625
mp-779545,-1.3303658695833331
mp-779689,-0.5212161645600002
mp-780260,-2.6934242567499993
mp-7804,-0.5805382952777774
mp-782,-0.33535629999999966
mp-7822,-0.7687622637499985
mp-7823,-0.5906041627678563
mp-7829,-0.5404046159961697
mp-7832,-0.3676775504166656
mp-783905,-2.430256283571428
mp-784630,-0.07675693333333318
mp-784631,-0.01866190333333388
mp-7851,-0.2387066695833333
mp-7857,-0.8322725379166664
mp-786,0.3714060176724141
mp-7863,-1.7319156041071426
mp-7875,-0.3378244933333331
mp-7876,-0.47364434533333366
mp-788,-0.06463052999999963
mp-7891,-0.6088298140000002
mp-79,0.0
mp-7904,-0.06544737685714282
mp-7906,-1.1993894403571435
mp-7907,-0.8310970006249997
mp-7908,-0.46340516785714314
mp-7909,-0.46656171285714315
mp-7910,-0.38139678571428554
mp-7914,-3.2057812056249997
mp-7916,-1.3663293643750005
mp-7917,-0.9353180057812492
mp-7918,-1.2751461177083325
mp-7930,-0.528971057777778
mp-7931,-1.0470258034523805
mp-7936,-1.6351516669791675
mp-7937,-1.5417242078125
mp-7938,-1.4946950860624995
mp-7939,-1.0050964586718747
mp-7940,-0.9839027606718753
mp-7948,-0.30053899500000014
mp-795,-0.198536465208333
mp-7955,-0.6289041562500004
mp-796,-0.17377538000000037
mp-7979,-2.407766588126667
mp-8,0.0
mp-8001,-3.074772267291667
mp-801,0.011120785000001021
mp-8016,-0.625517297421875
mp-8017,-0.33866117750000013
mp-8039,-3.8913911571425004
mp-8041,-1.2145531527083335
mp-8042,-2.9755374341666667
mp-8044,-0.6871403158928562
mp-8053,-0.19367151416666673
mp-8062,-0.20449026250000024
mp-8093,-0.24335194333333346
mp-8094,-0.3840014833333332
mp-81,0.0
mp-810,-0.2708554525000002
mp-811,-0.4733974816666671
mp-8110,-3.127519877416666
mp-8126,-0.6814544277777769
mp-813,-0.4868887249999994
mp-8145,-3.00568038625
mp-815,-0.28944461500000074
mp-8150,-0.5486359120000003
mp-8159,-0.4585881511718748
mp-818,-0.8297318374999998
mp-8182,-0.4407118656250004
mp-8188,-3.1059721151249997
mp-819,-0.10060448833333406
mp-8192,-2.461252700237778
mp-82,0.002924900000000008
mp-820,-0.205761496171875
mp-8200,-0.00616532682539687
mp-8219,-0.6590961074285715
mp-8221,-0.855857804444445
mp-823,-0.3986187174999998
mp-8231,-2.8803085931249996
mp-8236,-0.7991990654285714
mp-8237,-0.7648670840000001
mp-825,-1.4678629625
mp-8256,-2.0564955027674996
mp-8276,-0.6911121667619049
mp-8277,-0.5950838687619051
mp-8278,-0.932307724761905
mp-8279,-0.5875818334285714
mp-8280,-0.9466046953333332
mp-8281,-0.6409771020000001
mp-8282,-1.4457366641266656
mp-8285,-1.97672938475
mp-829,-0.8771341550000002
mp-830,-0.6630181711899992
mp-833,-0.6984059033333333
mp-8335,-3.439426090714285
mp-8352,-3.2656105408333325
mp-8372,-0.3683516149999999
mp-839,-0.037322229999999124
mp-84,0.018241060000000253
mp-8401,-3.4440363939668734
mp-8402,-3.5058588298806668
mp-8409,-3.0990050247083323
mp-841,-1.650783011458333
mp-8414,-3.716920862571111
mp-8418,-1.1509374011904765
mp-842,-0.9319981966666671
mp-8426,-1.0965854794479164
mp-8432,-0.8621066578571425
mp-8439,-0.7730887069230766
mp-844,-0.9462816909520001
mp-8446,-0.32820782989285746
mp-8456,-1.0114855105555556
mp-8458,-0.9942984199999998
mp-846,-0.42584532899999983
mp-8462,-0.33056558250000023
mp-8484,-1.0593542650000003
mp-8487,-0.9792104766666666
mp-85,0.03681058000000004
mp-850,-0.5211317283333337
mp-850062,-1.4023257432916665
mp-850251,-3.300995077458332
mp-850978,-2.091202010833333
mp-856,-2.1233900658333336
mp-8566,0.00719953916666638
mp-8577,-0.6705466810000005
mp-8578,-0.6673800729999997
mp-8601,-0.25295478999999893
mp-8605,-0.9516109405555557
mp-8606,-0.9404458916666668
mp-861738,-0.43682071611111145
mp-861979,-0.7636201608750006
mp-862,-0.3720172499999996
mp-862260,-0.31334604624999995
mp-862316,-0.6830414329166663
mp-862318,-0.47048822666666634
mp-862334,-1.0486048849999996
mp-862336,-1.001004375
mp-862360,-0.8072899525000006
mp-8624,-1.7598993271071421
mp-862586,-0.0571589975000002
mp-862631,-0.9366417662500002
mp-862657,-0.29951091916666606
mp-862658,-0.034678726666666826
mp-862664,-3.0222605356944445
mp-862669,-0.39780357000000066
mp-862679,-0.08947050124999952
mp-862779,-0.0554893174999993
mp-8628,-0.37925190857142815
mp-862868,-0.9265187349999998
mp-862871,-1.5480850105066668
mp-8630,-0.7043810935416666
mp-863744,-0.748051835
mp-8640,0.07308553999999923
mp-8642,0.06275675500000055
mp-864631,-0.4551443791666667
mp-864639,-0.3123147399999997
mp-864670,-0.3325039699999994
mp-864794,-0.028424428750000175
mp-864798,-0.7434047662500003
mp-8648,-0.7324297133333333
mp-864889,-0.2899729400000002
mp-864920,-0.608330743333334
mp-864921,-0.7528678183333337
mp-864940,-0.7114991516666667
mp-864951,-0.26138827991379365
mp-864952,-0.12126559583333307
mp-864953,-0.18755647491379435
mp-864954,-1.0595458945233336
mp-864955,-0.04914414857758764
mp-864957,-0.1293489236637937
mp-864969,-0.6495569016666662
mp-864972,-0.6766041466666666
mp-865,-0.40868492357142827
mp-865014,-0.10357925888888886
mp-865026,-0.5146843935775873
mp-865050,-0.884986698333333
mp-865051,-0.22976382374999993
mp-865130,-0.5365445300000005
mp-865146,-0.4790280747619044
mp-865147,-0.24615254500000017
mp-865152,-0.8363088308333326
mp-865191,0.03372897999999935
mp-865193,-0.09274620374999998
mp-865212,-0.004340479999999758
mp-865229,-0.5783898225000002
mp-865441,-0.7628308224999998
mp-865444,-0.7339769116666668
mp-865520,-0.7354678283333334
mp-865523,-0.5835556724137927
mp-865525,-0.3779439508333331
mp-865527,-0.4379624295833331
mp-865531,-0.3360238648275864
mp-865586,-0.47050594999999973
mp-865594,-0.5739057491666664
mp-865604,-0.022118902777777727
mp-865665,-0.27513853125000054
mp-865733,-0.062478678749998906
mp-865798,-0.09025404000000048
mp-865840,-0.8468337424999994
mp-865842,-0.744725537499999
mp-865939,-0.053329841111110866
mp-865985,-0.2753023299999997
mp-865986,-0.42342176958333333
mp-865989,-0.8878176374999995
mp-866046,-0.1272664799999994
mp-866115,-0.6560962875000005
mp-866132,-0.3207781337500002
mp-866152,-0.4335395287499999
mp-866155,-0.7655926174999994
mp-866161,-0.39967861749999845
mp-866165,-0.6987029566666658
mp-866169,-0.19881277075000003
mp-866171,-0.7813635566666663
mp-866224,-0.6426390075000006
mp-866291,-0.3673299766666669
mp-866311,-1.5723951581249995
mp-867133,-3.4887859995833335
mp-867137,-0.45870844124999977
mp-867144,-0.41826518958333314
mp-867222,-0.23601362166666684
mp-867266,-0.28152356458333294
mp-867281,-0.26389134999999797
mp-867300,-3.145701015694444
mp-867306,-0.2577237499999998
mp-867319,-0.7926396387499999
mp-867351,0.003279475000001142
mp-867689,-0.8841415749305556
mp-867700,-1.2080478218750006
mp-867840,-0.3308751237499994
mp-867917,-0.38543538249999987
mp-8689,-0.6556894737499994
mp-869,-0.3182023049999998
mp-8697,-3.4461187044166666
mp-87,0.0
mp-871,-0.5128051387499992
mp-873,-0.2484787449999999
mp-875,-0.40085489499999927
mp-8780,-0.5137854930155549
mp-8786,-1.0131034040000002
mp-8790,-2.2935576672916667
mp-8800,-0.18066169744791635
mp-8818,-0.861191271952
mp-8830,-1.4806356943749996
mp-8842,-0.7896639350000001
mp-8843,-0.753828994722222
mp-886,-2.27816965075
mp-8861,-3.3616527661561904
mp-8864,-0.6468812191774899
mp-8880,-0.605161306785714
mp-8881,-0.47851847750000065
mp-8882,-0.39908692928571377
mp-8883,-0.3380169249999998
mp-8884,-0.4680552600000003
mp-889,-0.460044844761904
mp-891,-0.35783812125000036
mp-8911,-0.32667883548611104
mp-892,-1.2274957424999995
mp-893,-0.9343000912499999
mp-8937,-0.3735261966666658
mp-8938,-0.47087238555555344
mp-8939,-0.27943750111111065
mp-894,-0.5655379474999997
mp-8978,-0.9265877081727592
mp-8982,-0.961905331666666
mp-8983,-0.9412723233333331
mp-8994,-3.256266591348889
mp-8995,-3.26750754700023
mp-8996,-0.468396325625001
mp-90,0.0
mp-902,-0.16752233750000012
mp-9023,-0.7445708883333335
mp-9025,-0.8282555294444442
mp-9027,-1.69318041875
mp-9029,-1.2282467631628566
mp-903,-0.029696824999999667
mp-9060,-2.139355383214
mp-9061,-2.1348573863139997
mp-91,0.0
mp-910,-0.45912963500000004
mp-9124,-0.5266009772222221
mp-915,-0.36428162666666664
mp-9158,-1.4582291822916664
mp-9166,-0.7857305170233326
mp-917,0.01113829166666728
mp-9172,-2.7143915807407404
mp-9173,-3.4527204175
mp-9177,-0.5543945152380952
mp-9198,-0.2838044926984122
mp-921,-0.7489562494444447
mp-922,-0.053970363750000416
mp-9223,-0.7958786149999995
mp-9225,-1.1915437816666667
mp-9244,-0.375680593333333
mp-9251,-0.43165943583333305
mp-9262,-2.4824724958891187
mp-927,-0.11218351571428542
mp-9272,-0.774110953229167
mp-9289,-0.6860809683333334
mp-929,-0.3113923850000013
mp-9295,-0.2645103149999999
mp-930,-1.3285240142857138
mp-9307,-0.576864843952
mp-932,-0.5006522037499996
mp-9321,-2.300127801785714
mp-933,-1.548895091666667
mp-9339,-0.9815249492857143
mp-934,-0.23008477833333352
mp-9350,-0.7242775150000001
mp-935811,-2.8525854053499997
mp-936,-0.090037068
mp-938,-0.09497999000000013
mp-9381,-0.5289230955555553
mp-9382,-1.475026297856667
mp-9383,-1.5698824403566656
mp-9391,-0.3599859849999992
mp-94,0.0
mp-9437,-0.3383128283333339
mp-944,-0.042986995555555296
mp-945,-0.08705341999999927
mp-945184,-0.899171512083333
mp-9459,-0.32553143703703646
mp-9472,-0.14059527833333352
mp-9473,-0.7736788214285724
mp-9486,-3.5341705721187497
mp-949,-0.08581982749999995
mp-949028,0.012344928478260958
mp-95,0.013044213333333499
mp-950995,-1.3239463614766485
mp-9514,-0.044683060666667274
mp-9517,-1.553941647856666
mp-952,-0.3565029699999999
mp-953,-0.16403085375000037
mp-9549,-0.5568104061111107
mp-9550,-0.48154685210727954
mp-9556,-0.43709677222222193
mp-9563,-0.5659938400000001
mp-9564,-0.9449196483333335
mp-9565,-0.7133416963333336
mp-9566,-0.7527461126666666
mp-9567,-0.7700335593333335
mp-9569,-0.7021007504285712
mp-9570,-0.5710195524285716
mp-9571,-0.661543189
mp-9573,-0.3933879149999999
mp-9574,-0.17029016833333324
mp-9575,-0.2441571522222219
mp-9577,-0.42408638785714253
mp-9578,-0.3568714571428571
mp-9583,-2.8819531722514284
mp-9586,-1.193443394062501
mp-9595,-2.6348671608333327
mp-9615,-1.755263565729166
mp-9687,-0.4856338648928573
mp-9690,-0.3486772770000002
mp-971,-1.2529555390833333
mp-9716,-3.0097229704166666
mp-971662,0.06197917869565241
mp-971669,-0.023192371875000006
mp-971706,-1.2217444077499997
mp-972088,-0.12433761625000095
mp-972220,-0.838472928749999
mp-972845,-0.30055123250000015
mp-972916,-0.09102624416666627
mp-972954,-0.057508544444444386
mp-973364,0.009943586666666837
mp-973374,-0.05961935611111091
mp-973455,-0.041956279444444355
mp-9743,-0.967011058888889
mp-9744,-0.9316219366666664
mp-974625,-0.05231316999999969
mp-975065,0.018502204999999588
mp-975292,-2.0278735282499993
mp-975906,-0.08010817416666649
mp-976017,0.3289464137499998
mp-976139,-0.022960240833333145
mp-976256,-0.028250278333333156
mp-976262,-0.033243221666666635
mp-976280,-1.5688565508333334
mp-976334,0.6144872600000002
mp-9768,-0.81103910125
mp-977059,-0.3376662155555549
mp-977207,-0.02056272388888865
mp-977218,-0.01006224055555549
mp-977382,-0.2778432449999997
mp-977580,-0.2832168733333331
mp-9778,-0.34349970947619024
mp-978268,-0.09005140916666665
mp-978269,-0.13441474611111115
mp-978273,-0.06266453249999993
mp-978279,-0.009719877499999807
mp-978508,0.27008527625000056
mp-978534,0.037427480000000735
mp-979,-0.5506020804166667
mp-9801,-0.8161936625000005
mp-980200,-0.3271503199999999
mp-981,-4.251848406348889
mp-9812,-1.83209123775
mp-9835,-0.1681363383333334
mp-985805,-0.07549475388888875
mp-985806,-0.17806622999999946
mp-985825,-0.08998382249999981
mp-988,-1.313574678502857
mp-989399,-1.010058963857
mp-989512,-1.5648199596226668
mp-9902,-0.8425919029999995
mp-9916,-0.49980734166666707
mp-9919,-0.36573919888888895
mp-9923,-0.6118446423809528
mp-9938,-0.7443700450000001
mp-9939,-0.652775743333334
mp-9945,-0.18677873500000017
mp-9946,-1.1418542373958338
mp-9951,-0.277857147662835
mp-995122,-1.4188929754166668
mp-9953,-1.2936246467857142
mp-9954,-0.997849658749999
mp-9956,-0.17328235249999935
mp-9957,-0.48665719750000136
mp-9958,-0.8110021937499994
mp-9960,-0.49013122599999975
mp-9961,-0.5412625987500004
mp-9964,-0.8309781024759999
mp-9969,-0.8375955399999997
mp-996975,-0.734550791458334
mp-996990,-1.7608689264583335
mp-9970,-0.7783303175
mp-997031,-1.9639191027083331
mp-997034,-1.9996133718749998
mp-997182,0.0077449474999991
mp-9972,-0.8532933441666666
mp-9973,-0.847778281666665
mp-998,-0.16553469833333287
mp-998147,-1.051965387956
mp-9985,-0.5601223211111103
mp-998552,-3.79574822875
mp-9987,-0.7494133308928568
mp-9988,-0.925493882031251
mp-998866,2.762595019999999
mp-9989,-0.6194874837500013
mp-998981,-0.37315392999999997
mp-999027,-0.15947417499999972
mp-999068,-0.10613039999999874
mp-999079,0.07261518750000118
mp-999096,-0.13326424499999856
mp-999133,-0.36452036749999905
mp-999142,-1.2004937606250001
mp-999198,-0.49179244916666676
mp-999473,0.5030931913100005
mp-999540,-0.3559090759994614
mp-999545,0.020891060258620087
mp-9999,-0.4784656933333338